data,day,max_power
2014/1/1,1,22979.85154
2014/1/2,2,26036.66245
2014/1/3,3,26497.05015
2014/1/4,4,24516.69596
2014/1/5,5,22994.79167
2014/1/6,6,26233.37364
2014/1/7,7,26998.51412
2014/1/8,8,26693.54839
2014/1/9,9,26782.24688
2014/1/10,10,26398.37869
2014/1/11,11,24600.87995
2014/1/12,12,23329.49971
2014/1/13,13,26879.15007
2014/1/14,14,27120.30075
2014/1/15,15,26727.27273
2014/1/16,16,26580.85809
2014/1/17,17,26256.13079
2014/1/18,18,24748.60335
2014/1/19,19,23643.18707
2014/1/20,20,26773.38355
2014/1/21,21,27030.14753
2014/1/22,22,26717.2524
2014/1/23,23,26659.61945
2014/1/24,24,26363.63636
2014/1/25,25,24373.41451
2014/1/26,26,23538.46154
2014/1/27,27,25467.18576
2014/1/28,28,24726.90148
2014/1/29,29,22120.20823
2014/1/30,30,19126.49165
2014/1/31,31,18828.45188
2014/2/1,32,18789.97407
2014/2/2,33,19816.13892
2014/2/3,34,20579.55167
2014/2/4,35,21593.40659
2014/2/5,36,25065.42056
2014/2/6,37,26063.04985
2014/2/7,38,26001.4782
2014/2/8,39,24103.29171
2014/2/9,40,23434.41002
2014/2/10,41,26490.70632
2014/2/11,42,26903.5533
2014/2/12,43,26887.31284
2014/2/13,44,26827.33374
2014/2/14,45,26129.21038
2014/2/15,46,24778.13505
2014/2/16,47,23390.74273
2014/2/17,48,26690.43375
2014/2/18,49,26949.35218
2014/2/19,50,26622.3812
2014/2/20,51,26499.18963
2014/2/21,52,26155.16258
2014/2/22,53,24230.56009
2014/2/23,54,23161.05769
2014/2/24,55,26235.363
2014/2/25,56,26507.44735
2014/2/26,57,26457.76567
2014/2/27,58,26455.46922
2014/2/28,59,24704.78558
2014/3/1,60,23820.84095
2014/3/2,61,22910.73124
2014/3/3,62,25956.03272
2014/3/4,63,26731.1412
2014/3/5,64,26345.04457
2014/3/6,65,26747.36189
2014/3/7,66,26454.65995
2014/3/8,67,24650.23318
2014/3/9,68,23380.12353
2014/3/10,69,26468.11071
2014/3/11,70,26761.67374
2014/3/12,71,26908.75233
2014/3/13,72,26688.46611
2014/3/14,73,26220.6047
2014/3/15,74,24384.57175
2014/3/16,75,23285.6291
2014/3/17,76,26523.1159
2014/3/18,77,27142.85714
2014/3/19,78,27634.04826
2014/3/20,79,26591.25964
2014/3/21,80,26118.01242
2014/3/22,81,24017.69088
2014/3/23,82,23054.39331
2014/3/24,83,26622.34043
2014/3/25,84,27029.56989
2014/3/26,85,27638.88889
2014/3/27,86,27989.37785
2014/3/28,87,28115.94203
2014/3/29,88,26039.47368
2014/3/30,89,23889.61892
2014/3/31,90,26954.51549
2014/4/1,91,26984.31846
2014/4/2,92,26804.38993
2014/4/3,93,26681.99737
2014/4/4,94,24598.78624
2014/4/5,95,22585.34365
2014/4/6,96,23039.16708
2014/4/7,97,27034.65982
2014/4/8,98,27717.54636
2014/4/9,99,27585.52632
2014/4/10,100,27703.61991
2014/4/11,101,27790.20979
2014/4/12,102,26000
2014/4/13,103,24988.9258
2014/4/14,104,27131.14754
2014/4/15,105,27748.34437
2014/4/16,106,27938.07642
2014/4/17,107,28630.73562
2014/4/18,108,28508.20842
2014/4/19,109,26538.20598
2014/4/20,110,24525.39764
2014/4/21,111,28259.74026
2014/4/22,112,28352.22319
2014/4/23,113,27645.8616
2014/4/24,114,28475.49909
2014/4/25,115,28553.90009
2014/4/26,116,25878.37838
2014/4/27,117,25031.09453
2014/4/28,118,27667.25873
2014/4/29,119,27584.8564
2014/4/30,120,27382.92011
2014/5/1,121,25804.68361
2014/5/2,122,27376.93864
2014/5/3,123,24953.7037
2014/5/4,124,24692.20246
2014/5/5,125,26793.17932
2014/5/6,126,27190.38817
2014/5/7,127,27549.90926
2014/5/8,128,28139.71147
2014/5/9,129,28108.31426
2014/5/10,130,25642.39195
2014/5/11,131,25311.5727
2014/5/12,132,29427.9661
2014/5/13,133,29534.88372
2014/5/14,134,30494.38202
2014/5/15,135,30017.03578
2014/5/16,136,29614.05927
2014/5/17,137,28222.72216
2014/5/18,138,26200.11242
2014/5/19,139,29807.01754
2014/5/20,140,29948.54202
2014/5/21,141,28495.88719
2014/5/22,142,29368.26992
2014/5/23,143,29051.94805
2014/5/24,144,27239.05724
2014/5/25,145,26778.30941
2014/5/26,146,31172.47239
2014/5/27,147,31025.85488
2014/5/28,148,31508.19672
2014/5/29,149,30937.5
2014/5/30,150,31055.51748
2014/5/31,151,28276.55311
2014/6/1,152,26712.47357
2014/6/2,153,27998.16345
2014/6/3,154,30511.09617
2014/6/4,155,30754.57875
2014/6/5,156,30711.11111
2014/6/6,157,30316.41791
2014/6/7,158,28712.01158
2014/6/8,159,26288.6143
2014/6/9,160,30285.02122
2014/6/10,161,30400.27137
2014/6/11,162,29857.3975
2014/6/12,163,29977.13415
2014/6/13,164,30408.67389
2014/6/14,165,27939.35217
2014/6/15,166,26810.93394
2014/6/16,167,31070.47279
2014/6/17,168,32035.79418
2014/6/18,169,32816.32653
2014/6/19,170,32760.68376
2014/6/20,171,32603.5503
2014/6/21,172,30417.56659
2014/6/22,173,28425.15846
2014/6/23,174,32536.06682
2014/6/24,175,32365.5914
2014/6/25,176,32578.36991
2014/6/26,177,32753.51591
2014/6/27,178,33239.55669
2014/6/28,179,30230.60797
2014/6/29,180,28651.68539
2014/6/30,181,33085.84687
2014/7/1,182,33610.31519
2014/7/2,183,33932.80632
2014/7/3,184,34208.41683
2014/7/4,185,34257.52856
2014/7/5,186,31442.92893
2014/7/6,187,30280.61224
2014/7/7,188,34843.26019
2014/7/8,189,33199.3007
2014/7/9,190,34727.5641
2014/7/10,191,34814.28571
2014/7/11,192,34759.68992
2014/7/12,193,31354.65663
2014/7/13,194,30221.94821
2014/7/14,195,34970.64579
2014/7/15,196,34972.27357
2014/7/16,197,34561.17021
2014/7/17,198,34946.92144
2014/7/18,199,34619.66605
2014/7/19,200,31251.14995
2014/7/20,201,29033.33333
2014/7/21,202,34099.56076
2014/7/22,203,34088.66995
2014/7/23,204,26807.62852
2014/7/24,205,32370.20316
2014/7/25,206,32829.30631
2014/7/26,207,30022.90951
2014/7/27,208,28643.34923
2014/7/28,209,33701.79949
2014/7/29,210,33983.88541
2014/7/30,211,34207.20721
2014/7/31,212,34161.42558
2014/8/1,213,34314.15929
2014/8/2,214,31819.23523
2014/8/3,215,29235.01577
2014/8/4,216,33741.33949
2014/8/5,217,32752.21953
2014/8/6,218,33303.48259
2014/8/7,219,33863.63636
2014/8/8,220,33895.95376
2014/8/9,221,30305.91434
2014/8/10,222,28428.92768
2014/8/11,223,32209.73783
2014/8/12,224,32001.3947
2014/8/13,225,31205.01636
2014/8/14,226,32392.4143
2014/8/15,227,33486.05578
2014/8/16,228,31288.96377
2014/8/17,229,29014.42308
2014/8/18,230,33249.34839
2014/8/19,231,32195.7672
2014/8/20,232,31678.6141
2014/8/21,233,32632.83109
2014/8/22,234,32939.73941
2014/8/23,235,29362.6883
2014/8/24,236,28841.56729
2014/8/25,237,33444.76744
2014/8/26,238,33761.68224
2014/8/27,239,34053.36722
2014/8/28,240,33921.80095
2014/8/29,241,33921.3198
2014/8/30,242,30896.60159
2014/8/31,243,28733.81295
2014/9/1,244,33378.54501
2014/9/2,245,33656.25
2014/9/3,246,33853.21101
2014/9/4,247,33575.41899
2014/9/5,248,33719.00826
2014/9/6,249,30816.32653
2014/9/7,250,27490.87591
2014/9/8,251,27942.38683
2014/9/9,252,33327.78702
2014/9/10,253,33013.29394
2014/9/11,254,33344.42596
2014/9/12,255,33184.52381
2014/9/13,256,30297.27498
2014/9/14,257,29209.62199
2014/9/15,258,34156.97674
2014/9/16,259,34304.63576
2014/9/17,260,34529.14798
2014/9/18,261,34316.54676
2014/9/19,262,33888.88889
2014/9/20,263,31099.23664
2014/9/21,264,26514.71437
2014/9/22,265,30901.28755
2014/9/23,266,31637.84334
2014/9/24,267,31981.24267
2014/9/25,268,31767.33781
2014/9/26,269,31875.65859
2014/9/27,270,28571.42857
2014/9/28,271,26674.77204
2014/9/29,272,31668.20276
2014/9/30,273,31838.5214
2014/10/1,274,31273.71274
2014/10/2,275,31376.67304
2014/10/3,276,30349.44238
2014/10/4,277,26331.13311
2014/10/5,278,24660.24612
2014/10/6,279,28170.73171
2014/10/7,280,28216.11253
2014/10/8,281,28539.14447
2014/10/9,282,28719.12168
2014/10/10,283,26498.62511
2014/10/11,284,25031.25
2014/10/12,285,24173.0635
2014/10/13,286,27939.11007
2014/10/14,287,27655.11684
2014/10/15,288,27407.67045
2014/10/16,289,27819.23715
2014/10/17,290,27943.54839
2014/10/18,291,25875
2014/10/19,292,24749.38875
2014/10/20,293,29544.78708
2014/10/21,294,29878.31858
2014/10/22,295,28868.71508
2014/10/23,296,28504.82315
2014/10/24,297,28410.48035
2014/10/25,298,26082.02443
2014/10/26,299,24966.34256
2014/10/27,300,28675.6238
2014/10/28,301,28510.10101
2014/10/29,302,28991.35447
2014/10/30,303,29152.54237
2014/10/31,304,28798.31933
2014/11/1,305,26339.34536
2014/11/2,306,24001.207
2014/11/3,307,27079.43925
2014/11/4,308,27404.90279
2014/11/5,309,27577.31959
2014/11/6,310,27660.37736
2014/11/7,311,27548.3871
2014/11/8,312,25692.05569
2014/11/9,313,23962.01703
2014/11/10,314,27780.08299
2014/11/11,315,28200.23838
2014/11/12,316,27799.31585
2014/11/13,317,27415.43799
2014/11/14,318,27327.84431
2014/11/15,319,25257.099
2014/11/16,320,23906.4143
2014/11/17,321,27480.55988
2014/11/18,322,27165.28926
2014/11/19,323,27277.35369
2014/11/20,324,27790.22403
2014/11/21,325,27936.34497
2014/11/22,326,25290.37391
2014/11/23,327,24297.45889
2014/11/24,328,28292.68293
2014/11/25,329,28319.46755
2014/11/26,330,28037.61243
2014/11/27,331,28573.23232
2014/11/28,332,28293.17269
2014/11/29,333,25011.12347
2014/11/30,334,24472.19984
2014/12/1,335,26757.99087
2014/12/2,336,26906.90691
2014/12/3,337,27451.36187
2014/12/4,338,26798.06919
2014/12/5,339,26722.68908
2014/12/6,340,24636.42014
2014/12/7,341,23050.47144
2014/12/8,342,26680.56714
2014/12/9,343,27382.3781
2014/12/10,344,27503.84025
2014/12/11,345,27148.01444
2014/12/12,346,26836.73469
2014/12/13,347,24432.11488
2014/12/14,348,23512.74788
2014/12/15,349,27237.52151
2014/12/16,350,26854.77803
2014/12/17,351,26957.56605
2014/12/18,352,27164.55696
2014/12/19,353,27197.8022
2014/12/20,354,24784.94624
2014/12/21,355,23535.9116
2014/12/22,356,26481.62627
2014/12/23,357,27213.74046
2014/12/24,358,26980.49194
2014/12/25,359,27228.59665
2014/12/26,360,26671.68675
2014/12/27,361,25661.53846
2014/12/28,362,23926.5928
2014/12/29,363,26374.5583
2014/12/30,364,26466.83673
2014/12/31,365,25426.76502
2015/1/1,366,22797.0852
2015/1/2,367,23337.30632
2015/1/3,368,23248.79227
2015/1/4,369,23333.33333
2015/1/5,370,26795.20137
2015/1/6,371,27130.50314
2015/1/7,372,26817.15576
2015/1/8,373,26827.19547
2015/1/9,374,26483.07896
2015/1/10,375,24307.98005
2015/1/11,376,23222.03673
2015/1/12,377,26727.27273
2015/1/13,378,27108.06697
2015/1/14,379,26905.40541
2015/1/15,380,27161.92171
2015/1/16,381,26767.24138
2015/1/17,382,24487.26323
2015/1/18,383,23238.37209
2015/1/19,384,26698.63014
2015/1/20,385,26858.02948
2015/1/21,386,26946.44285
2015/1/22,387,26695.13237
2015/1/23,388,26419.42009
2015/1/24,389,24467.72842
2015/1/25,390,23314.02831
2015/1/26,391,26940.48617
2015/1/27,392,26985.99853
2015/1/28,393,26884.58434
2015/1/29,394,27036.05981
2015/1/30,395,26471.04247
2015/1/31,396,24625.80185
2015/2/1,397,23314.96063
2015/2/2,398,26775.77741
2015/2/3,399,27006.50759
2015/2/4,400,26808.83473
2015/2/5,401,26980.03328
2015/2/6,402,26770.28052
2015/2/7,403,25394.73684
2015/2/8,404,24298.90848
2015/2/9,405,27244.82512
2015/2/10,406,26997.59808
2015/2/11,407,26879.58884
2015/2/12,408,26569.18688
2015/2/13,409,26229.80251
2015/2/14,410,24634.94133
2015/2/15,411,23634.67492
2015/2/16,412,24516.79587
2015/2/17,413,22384.91049
2015/2/18,414,18707.66024
2015/2/19,415,18492.32456
2015/2/20,416,19131.40312
2015/2/21,417,19838.94583
2015/2/22,418,20415.07024
2015/2/23,419,22205.12821
2015/2/24,420,25480.15365
2015/2/25,421,26377.75961
2015/2/26,422,26464.89104
2015/2/27,423,24883.92857
2015/2/28,424,23972.0035
2015/3/1,425,22859.10653
2015/3/2,426,26230.15873
2015/3/3,427,27010.58201
2015/3/4,428,26877.35849
2015/3/5,429,26628.11388
2015/3/6,430,26588.40792
2015/3/7,431,24700.5988
2015/3/8,432,23419.46598
2015/3/9,433,26450.04062
2015/3/10,434,26776
2015/3/11,435,27072.90533
2015/3/12,436,26927.22372
2015/3/13,437,26689.83493
2015/3/14,438,24393.0131
2015/3/15,439,23841.29847
2015/3/16,440,27371.49533
2015/3/17,441,27891.63722
2015/3/18,442,27677.54319
2015/3/19,443,28171.16061
2015/3/20,444,27586.48431
2015/3/21,445,25008.29187
2015/3/22,446,23456.79012
2015/3/23,447,26450.61728
2015/3/24,448,26715.86716
2015/3/25,449,26475.87899
2015/3/26,450,27142.85714
2015/3/27,451,26688.86775
2015/3/28,452,24253.50396
2015/3/29,453,23638.86975
2015/3/30,454,27243.15068
2015/3/31,455,28208.1448
2015/4/1,456,28647.61905
2015/4/2,457,28821.75227
2015/4/3,458,26800
2015/4/4,459,25381.63001
2015/4/5,460,24423.07692
2015/4/6,461,26174.5828
2015/4/7,462,27321.26697
2015/4/8,463,26598.57904
2015/4/9,464,27086.24709
2015/4/10,465,26864.33064
2015/4/11,466,24493.07075
2015/4/12,467,23547.37666
2015/4/13,468,26174.12141
2015/4/14,469,26537.16216
2015/4/15,470,26649.32362
2015/4/16,471,27816.24501
2015/4/17,472,27976.31862
2015/4/18,473,26702.99728
2015/4/19,474,25348.1332
2015/4/20,475,28794.70199
2015/4/21,476,27189.65517
2015/4/22,477,27152.54237
2015/4/23,478,27624.66002
2015/4/24,479,27872.59615
2015/4/25,480,24873.3744
2015/4/26,481,24594.83526
2015/4/27,482,28319.73899
2015/4/28,483,29010.10101
2015/4/29,484,29201.03093
2015/4/30,485,28841.54461
2015/5/1,486,26647.88732
2015/5/2,487,25765.64581
2015/5/3,488,25832.40223
2015/5/4,489,28386.277
2015/5/5,490,27942.15795
2015/5/6,491,28882.60255
2015/5/7,492,29345.33552
2015/5/8,493,29654.57686
2015/5/9,494,27103.44828
2015/5/10,495,25665.08314
2015/5/11,496,29498.38188
2015/5/12,497,28303.57143
2015/5/13,498,29599.23664
2015/5/14,499,30325.81454
2015/5/15,500,30907.53425
2015/5/16,501,28795.5626
2015/5/17,502,27060.5613
2015/5/18,503,31109.2437
2015/5/19,504,31569.62025
2015/5/20,505,30127.65957
2015/5/21,506,28148.45705
2015/5/22,507,28745.05929
2015/5/23,508,26370.37037
2015/5/24,509,25364.07767
2015/5/25,510,28640.66194
2015/5/26,511,28615.79414
2015/5/27,512,29328.27736
2015/5/28,513,30476.19048
2015/5/29,514,31356.46688
2015/5/30,515,29079.15994
2015/5/31,516,26602.43408
2015/6/1,517,30631.97026
2015/6/2,518,31625.61576
2015/6/3,519,32233.33333
2015/6/4,520,32034.82046
2015/6/5,521,32597.65625
2015/6/6,522,28779.97914
2015/6/7,523,27592.59259
2015/6/8,524,31683.73151
2015/6/9,525,32886.17886
2015/6/10,526,33247.58842
2015/6/11,527,33649.51768
2015/6/12,528,33996.24765
2015/6/13,529,30645.56962
2015/6/14,530,29026.54867
2015/6/15,531,33707.69231
2015/6/16,532,33997.09302
2015/6/17,533,34572.95374
2015/6/18,534,34208.90937
2015/6/19,535,31312.80389
2015/6/20,536,29032.25806
2015/6/21,537,28995.02488
2015/6/22,538,33733.82625
2015/6/23,539,33575.98978
2015/6/24,540,33527.77778
2015/6/25,541,34042.10526
2015/6/26,542,34597.1564
2015/6/27,543,31317.4946
2015/6/28,544,30489.79592
2015/6/29,545,34089.88764
2015/6/30,546,34549.45055
2015/7/1,547,34959.34959
2015/7/2,548,35421.05263
2015/7/3,549,34552.23881
2015/7/4,550,31765.4809
2015/7/5,551,29726.41509
2015/7/6,552,34545.45455
2015/7/7,553,33937.94749
2015/7/8,554,33394.87179
2015/7/9,555,33563.9413
2015/7/10,556,28298.32833
2015/7/11,557,28773.3142
2015/7/12,558,28901.20968
2015/7/13,559,33715.67044
2015/7/14,560,33743.58974
2015/7/15,561,33932.58427
2015/7/16,562,33857.52688
2015/7/17,563,34141.59292
2015/7/18,564,30958.70206
2015/7/19,565,27728.93773
2015/7/20,566,31868.48436
2015/7/21,567,33074.14105
2015/7/22,568,32591.65613
2015/7/23,569,32752.42047
2015/7/24,570,33059.93691
2015/7/25,571,29567.6173
2015/7/26,572,28842.54432
2015/7/27,573,33739.9679
2015/7/28,574,33448.71795
2015/7/29,575,32725.4509
2015/7/30,576,33111.39565
2015/7/31,577,33068.78307
2015/8/1,578,29962.68657
2015/8/2,579,28148.48763
2015/8/3,580,33197.1831
2015/8/4,581,33598.77489
2015/8/5,582,33302.13904
2015/8/6,583,33573.61963
2015/8/7,584,32805.07132
2015/8/8,585,24702.85447
2015/8/9,586,25635.73883
2015/8/10,587,31464.64646
2015/8/11,588,32800.54645
2015/8/12,589,33474.1784
2015/8/13,590,33142.85714
2015/8/14,591,32284.8034
2015/8/15,592,28745.6446
2015/8/16,593,26537.81513
2015/8/17,594,31839.62264
2015/8/18,595,32274.88152
2015/8/19,596,32988.50575
2015/8/20,597,33118.13187
2015/8/21,598,33654.48505
2015/8/22,599,29411.76471
2015/8/23,600,27952.33892
2015/8/24,601,32335.66434
2015/8/25,602,31787.07224
2015/8/26,603,31199.27863
2015/8/27,604,30552.63158
2015/8/28,605,29569.81664
2015/8/29,606,26468.40149
2015/8/30,607,25602.5641
2015/8/31,608,28962.09386
2015/9/1,609,29913.94148
2015/9/2,610,30659.44882
2015/9/3,611,31262.56983
2015/9/4,612,31651.58371
2015/9/5,613,28871.30802
2015/9/6,614,28034.18803
2015/9/7,615,30140.625
2015/9/8,616,30354.75234
2015/9/9,617,30616.94291
2015/9/10,618,30103.87812
2015/9/11,619,30127.29844
2015/9/12,620,26728.85572
2015/9/13,621,25853.18738
2015/9/14,622,30545.77465
2015/9/15,623,31658.03109
2015/9/16,624,31556.72823
2015/9/17,625,30738.91626
2015/9/18,626,30167.02977
2015/9/19,627,26968.83853
2015/9/20,628,25995.26066
2015/9/21,629,30148.69888
2015/9/22,630,31306.30631
2015/9/23,631,32045.82651
2015/9/24,632,31734.69388
2015/9/25,633,31286.76471
2015/9/26,634,25849.63325
2015/9/27,635,23129.55693
2015/9/28,636,23191.3775
2015/9/29,637,26690.44223
2015/9/30,638,31552.51142
2015/10/1,639,31974.78992
2015/10/2,640,30244.11508
2015/10/3,641,29025.11078
2015/10/4,642,27472.11896
2015/10/5,643,32172.41379
2015/10/6,644,31636.61581
2015/10/7,645,31313.67292
2015/10/8,646,30625
2015/10/9,647,26336.13445
2015/10/10,648,25081.30081
2015/10/11,649,23622.44898
2015/10/12,650,27500
2015/10/13,651,27800.14378
2015/10/14,652,27928.51933
2015/10/15,653,28103.58566
2015/10/16,654,28189.26975
2015/10/17,655,25515.32033
2015/10/18,656,24305.30165
2015/10/19,657,28652.13082
2015/10/20,658,28959.91333
2015/10/21,659,28762.27898
2015/10/22,660,28878.04878
2015/10/23,661,28883.79205
2015/10/24,662,26275.73859
2015/10/25,663,24658.82353
2015/10/26,664,28968.17743
2015/10/27,665,29358.73606
2015/10/28,666,29300.44843
2015/10/29,667,29474.86034
2015/10/30,668,28866.47454
2015/10/31,669,25227.78193
2015/11/1,670,23891.18457
2015/11/2,671,27395.75138
2015/11/3,672,28111.31387
2015/11/4,673,28668.7631
2015/11/5,674,29413.11853
2015/11/6,675,29703.9897
2015/11/7,676,27121.72924
2015/11/8,677,25656.89468
2015/11/9,678,29414.48382
2015/11/10,679,27948.11321
2015/11/11,680,28172.67393
2015/11/12,681,28873.23944
2015/11/13,682,28853.90428
2015/11/14,683,26058.87163
2015/11/15,684,24975.60976
2015/11/16,685,29538.9049
2015/11/17,686,30033.0033
2015/11/18,687,30086.45533
2015/11/19,688,29153.43915
2015/11/20,689,29068.41339
2015/11/21,690,26078.43137
2015/11/22,691,24963.50365
2015/11/23,692,28568.20744
2015/11/24,693,28368.67863
2015/11/25,694,27559.80861
2015/11/26,695,26494.30324
2015/11/27,696,26251.63827
2015/11/28,697,24287.16904
2015/11/29,698,23729.37294
2015/11/30,699,27110.26616
2015/12/1,700,27477.24317
2015/12/2,701,27568.23821
2015/12/3,702,27260
2015/12/4,703,26883.46883
2015/12/5,704,25105.10511
2015/12/6,705,23489.77136
2015/12/7,706,26755.55556
2015/12/8,707,27264.95726
2015/12/9,708,27574.25743
2015/12/10,709,27224.13793
2015/12/11,710,26823.68775
2015/12/12,711,24535.21127
2015/12/13,712,23880.81395
2015/12/14,713,27374.51737
2015/12/15,714,26976.74419
2015/12/16,715,26795.04814
2015/12/17,716,26639.67611
2015/12/18,717,26513.64764
2015/12/19,718,24643.377
2015/12/20,719,23591.88544
2015/12/21,720,27065.7277
2015/12/22,721,27691.32653
2015/12/23,722,27656.6416
2015/12/24,723,27629.48207
2015/12/25,724,26451.84649
2015/12/26,725,24418.83768
2015/12/27,726,23548.71795
2015/12/28,727,26254.90196
2015/12/29,728,26248.36601
2015/12/30,729,26031.64557
2015/12/31,730,24963.06246
2016/1/1,731,23026.70623
2016/1/2,732,23215.5477
2016/1/3,733,23695.0421
2016/1/4,734,27496.58003
2016/1/5,735,27631.57895
2016/1/6,736,27285.34258
2016/1/7,737,27202.60223
2016/1/8,738,26404.10959
2016/1/9,739,24301.72414
2016/1/10,740,23491.27182
2016/1/11,741,27195.51282
2016/1/12,742,26741.40508
2016/1/13,743,26960.53736
2016/1/14,744,26888.42689
2016/1/15,745,26800.68435
2016/1/16,746,23907.94979
2016/1/17,747,23967.44659
2016/1/18,748,26454.76773
2016/1/19,749,26928.44677
2016/1/20,750,27033.89831
2016/1/21,751,27097.41551
2016/1/22,752,26558.50541
2016/1/23,753,25000
2016/1/24,754,25078.61635
2016/1/25,755,27084.87085
2016/1/26,756,26600
2016/1/27,757,26957.04057
2016/1/28,758,27245.01758
2016/1/29,759,26924.96925
2016/1/30,760,25710.76417
2016/1/31,761,23624.9015
2016/2/1,762,26561.18143
2016/2/2,763,26853.93258
2016/2/3,764,26603.05344
2016/2/4,765,25994.03579
2016/2/5,766,23768.19709
2016/2/6,767,21843.97163
2016/2/7,768,19552.615
2016/2/8,769,19303.40557
2016/2/9,770,19096.12626
2016/2/10,771,19432.14629
2016/2/11,772,20514.8423
2016/2/12,773,22171.18998
2016/2/13,774,22297.71464
2016/2/14,775,22330.09709
2016/2/15,776,25515.84626
2016/2/16,777,26476.03028
2016/2/17,778,26594.50458
2016/2/18,779,26751.01215
2016/2/19,780,26537.36991
2016/2/20,781,24659.59328
2016/2/21,782,23885.71429
2016/2/22,783,26415.80433
2016/2/23,784,26792.31338
2016/2/24,785,26907.21649
2016/2/25,786,26970.77059
2016/2/26,787,26714.57906
2016/2/27,788,24404.14508
2016/2/28,789,22920.16807
2016/2/29,790,23514.35221
2016/3/1,791,26345.29148
2016/3/2,792,26486.24667
2016/3/3,793,26655.98291
2016/3/4,794,26427.96249
2016/3/5,795,24477.3358
2016/3/6,796,23536.58537
2016/3/7,797,27309.64467
2016/3/8,798,27656.45806
2016/3/9,799,26903.84615
2016/3/10,800,26773.04965
2016/3/11,801,26543.33009
2016/3/12,802,24521.32701
2016/3/13,803,24232.40938
2016/3/14,804,26681.9222
2016/3/15,805,27311.70336
2016/3/16,806,27038.15261
2016/3/17,807,27371.03175
2016/3/18,808,27820.86796
2016/3/19,809,25524.66368
2016/3/20,810,24122.80702
2016/3/21,811,27343.57849
2016/3/22,812,27454.09015
2016/3/23,813,27267.48378
2016/3/24,814,27098.81423
2016/3/25,815,26592.40924
2016/3/26,816,24119.55815
2016/3/27,817,23690.90909
2016/3/28,818,26153.08151
2016/3/29,819,26353.48837
2016/3/30,820,26701.22526
2016/3/31,821,26988.38248
2016/4/1,822,26988.14229
2016/4/2,823,24958.49057
2016/4/3,824,24098.93993
2016/4/4,825,23523.94568
2016/4/5,826,24710.28037
2016/4/6,827,28787.09677
2016/4/7,828,29589.40397
2016/4/8,829,28841.46341
2016/4/9,830,25881.9242
2016/4/10,831,24789.98384
2016/4/11,832,27692.30769
2016/4/12,833,28267.32673
2016/4/13,834,28261.33909
2016/4/14,835,28642.14993
2016/4/15,836,28268.65672
2016/4/16,837,26512.41535
2016/4/17,838,25259.04203
2016/4/18,839,27319.80406
2016/4/19,840,27953.56836
2016/4/20,841,28682.08092
2016/4/21,842,30326.79739
2016/4/22,843,29975.27812
2016/4/23,844,27066.84857
2016/4/24,845,25739.28259
2016/4/25,846,29650.43695
2016/4/26,847,30379.90196
2016/4/27,848,30203.30368
2016/4/28,849,28938.54749
2016/4/29,850,27687.77614
2016/4/30,851,25108.16469
2016/5/1,852,24361.62362
2016/5/2,853,26789.10703
2016/5/3,854,30019.70443
2016/5/4,855,30504.06504
2016/5/5,856,31430.86817
2016/5/6,857,31965.60197
2016/5/7,858,28759.75716
2016/5/8,859,27418.27326
2016/5/9,860,32079.20792
2016/5/10,861,31797.88484
2016/5/11,862,29274.49514
2016/5/12,863,30567.26094
2016/5/13,864,31656.44172
2016/5/14,865,28287.78135
2016/5/15,866,27337.85092
2016/5/16,867,29091.66667
2016/5/17,868,28441.06464
2016/5/18,869,29700.48309
2016/5/19,870,30210.03501
2016/5/20,871,30544.14784
2016/5/21,872,27157.80296
2016/5/22,873,26367.56757
2016/5/23,874,30778.98551
2016/5/24,875,31057.56359
2016/5/25,876,31428.57143
2016/5/26,877,32208.20189
2016/5/27,878,33116.88312
2016/5/28,879,29769.73684
2016/5/29,880,29548.53273
2016/5/30,881,34111.11111
2016/5/31,882,34390.2439
2016/6/1,883,34056.9395
2016/6/2,884,32436.05359
2016/6/3,885,33943.66197
2016/6/4,886,34097.22222
2016/6/5,887,28887.70053
2016/6/6,888,32000
2016/6/7,889,33003.09598
2016/6/8,890,33084.41558
2016/6/9,891,27790.54917
2016/6/10,892,27082.90686
2016/6/11,893,26237.94212
2016/6/12,894,26353.67762
2016/6/13,895,30640.39409
2016/6/14,896,31031.25
2016/6/15,897,33107.56972
2016/6/16,898,33884.89209
2016/6/17,899,34111.11111
2016/6/18,900,30785.79117
2016/6/19,901,29282.70042
2016/6/20,902,34275.53444
2016/6/21,903,34391.75258
2016/6/22,904,35208.91365
2016/6/23,905,35148.51485
2016/6/24,906,35099.15014
2016/6/25,907,31660.13072
2016/6/26,908,29972.52747
2016/6/27,909,35029.23977
2016/6/28,910,35087.7193
2016/6/29,911,35011.18568
2016/6/30,912,34409.5941
2016/7/1,913,34782.6087
2016/7/2,914,31305.22088
2016/7/3,915,28466.15253
2016/7/4,916,34570.23061
2016/7/5,917,35038.02281
2016/7/6,918,35602.60586
2016/7/7,919,34435.48387
2016/7/8,920,27518.54905
2016/7/9,921,28470.66579
2016/7/10,922,27434.71582
2016/7/11,923,32222.22222
2016/7/12,924,33306.55957
2016/7/13,925,33948.56278
2016/7/14,926,34873.64621
2016/7/15,927,35044.72272
2016/7/16,928,31829.94455
2016/7/17,929,29785.45888
2016/7/18,930,34273.92739
2016/7/19,931,34312.5
2016/7/20,932,34728.91566
2016/7/21,933,35031.54574
2016/7/22,934,34990.75786
2016/7/23,935,31674.64115
2016/7/24,936,29918.25613
2016/7/25,937,34960.42216
2016/7/26,938,35336.97632
2016/7/27,939,35823.66589
2016/7/28,940,36183.43195
2016/7/29,941,35964.91228
2016/7/30,942,32113.82114
2016/7/31,943,30460.17699
2016/8/1,944,34475.52448
2016/8/2,945,34916.66667
2016/8/3,946,35017.79359
2016/8/4,947,35531.91489
2016/8/5,948,35360.36036
2016/8/6,949,31581.06747
2016/8/7,950,29559.74843
2016/8/8,951,35209.30233
2016/8/9,952,35463.32046
2016/8/10,953,35608.10811
2016/8/11,954,33295.71106
2016/8/12,955,33116.56442
2016/8/13,956,28613.92029
2016/8/14,957,28555.55556
2016/8/15,958,33877.55102
2016/8/16,959,33997.65533
2016/8/17,960,33309.64467
2016/8/18,961,33816.12091
2016/8/19,962,34381.08484
2016/8/20,963,30387.32394
2016/8/21,964,29016.39344
2016/8/22,965,34920.91388
2016/8/23,966,34954.54545
2016/8/24,967,35264.48363
2016/8/25,968,35180.72289
2016/8/26,969,34939.96569
2016/8/27,970,30601.03627
2016/8/28,971,27631.57895
2016/8/29,972,32133.05174
2016/8/30,973,31490.53628
2016/8/31,974,32622.95082
2016/9/1,975,33050.57096
2016/9/2,976,32258.06452
2016/9/3,977,28426.13215
2016/9/4,978,28125.67714
2016/9/5,979,33361.9211
2016/9/6,980,32046.13842
2016/9/7,981,32217.52904
2016/9/8,982,31873.50835
2016/9/9,983,32094.76309
2016/9/10,984,31431.49284
2016/9/11,985,28327.86885
2016/9/12,986,32549.26108
2016/9/13,987,32936.01004
2016/9/14,988,29698.44358
2016/9/15,989,25560
2016/9/16,990,26401.27389
2016/9/17,991,25738.39662
2016/9/18,992,26086.95652
2016/9/19,993,30284.55285
2016/9/20,994,30276.71022
2016/9/21,995,31225.87968
2016/9/22,996,31609.07127
2016/9/23,997,31557.20339
2016/9/24,998,27770.15437
2016/9/25,999,26746.70798
2016/9/26,1000,31822.75932
2016/9/27,1001,25839.89052
2016/9/28,1002,25860.16559
2016/9/29,1003,31213.7931
2016/9/30,1004,31540.31288
2016/10/1,1005,28503.40136
2016/10/2,1006,27180.23256
2016/10/3,1007,32026.14379
2016/10/4,1008,32479.87118
2016/10/5,1009,32832.69962
2016/10/6,1010,32441.52047
2016/10/7,1011,31555.55556
2016/10/8,1012,27783.0941
2016/10/9,1013,25047.50594
2016/10/10,1014,26116.56843
2016/10/11,1015,30381.2825
2016/10/12,1016,30330.41788
2016/10/13,1017,30202.0202
2016/10/14,1018,30247.25275
2016/10/15,1019,28027.0793
2016/10/16,1020,27116.10487
2016/10/17,1021,32214.28571
2016/10/18,1022,32708.33333
2016/10/19,1023,32451.36187
2016/10/20,1024,32500
2016/10/21,1025,33065.69343
2016/10/22,1026,29590.64327
2016/10/23,1027,27335.24355
2016/10/24,1028,32061.0687
2016/10/25,1029,31434.18468
2016/10/26,1030,32989.32384
2016/10/27,1031,32808.64198
2016/10/28,1032,32521.24646
2016/10/29,1033,27149.42529
2016/10/30,1034,24905.66038
2016/10/31,1035,27366.22655
2016/11/1,1036,28861.53846
2016/11/2,1037,28248.4361
2016/11/3,1038,28475.78348
2016/11/4,1039,28549.29577
2016/11/5,1040,25762.46334
2016/11/6,1041,25060.8931
2016/11/7,1042,29478.67299
2016/11/8,1043,29631.41026
2016/11/9,1044,28164.89362
2016/11/10,1045,28429.90654
2016/11/11,1046,27930.32787
2016/11/12,1047,25910.59603
2016/11/13,1048,25070.60334
2016/11/14,1049,29249.39467
2016/11/15,1050,29709.14127
2016/11/16,1051,29458.54484
2016/11/17,1052,29689.92248
2016/11/18,1053,29357.04514
2016/11/19,1054,26906.29012
2016/11/20,1055,25333.33333
2016/11/21,1056,29240.24641
2016/11/22,1057,29340.36939
2016/11/23,1058,28299.12023
2016/11/24,1059,27952.64624
2016/11/25,1060,28386.02329
2016/11/26,1061,25585.44304
2016/11/27,1062,23904.7619
2016/11/28,1063,27333.33333
2016/11/29,1064,27936.26707
2016/11/30,1065,28226.95035
2016/12/1,1066,27826.08696
2016/12/2,1067,27596.40103
2016/12/3,1068,25530.50398
2016/12/4,1069,24482.75862
2016/12/5,1070,28391.71975
2016/12/6,1071,27818.18182
2016/12/7,1072,28195.71865
2016/12/8,1073,28100.20877
2016/12/9,1074,27699.11504
2016/12/10,1075,25250.83612
2016/12/11,1076,23967.55162
2016/12/12,1077,27887.32394
2016/12/13,1078,28005.73888
2016/12/14,1079,27559.94358
2016/12/15,1080,27338.70968
2016/12/16,1081,27205.67376
2016/12/17,1082,24972.6776
2016/12/18,1083,23821.24352
2016/12/19,1084,27926.56587
2016/12/20,1085,28829.78723
2016/12/21,1086,29094.5674
2016/12/22,1087,28358.97436
2016/12/23,1088,27350.90153
2016/12/24,1089,24836.95652
2016/12/25,1090,23976.94524
2016/12/26,1091,27047.47774
2016/12/27,1092,27492.35474
2016/12/28,1093,27376
2016/12/29,1094,26950.18226
2016/12/30,1095,26357.52688
2016/12/31,1096,23889.55582
2017/1/1,1097,22883.9779
2017/1/2,1098,24479.49527
2017/1/3,1099,28126.72176
2017/1/4,1100,28456.37584
2017/1/5,1101,28344.2623
2017/1/6,1102,27961.16505
2017/1/7,1103,25595.37572
2017/1/8,1104,24123.03665
2017/1/9,1105,27649.91896
2017/1/10,1106,27760.53215
2017/1/11,1107,27985.98949
2017/1/12,1108,28160.17316
2017/1/13,1109,27146.77641
2017/1/14,1110,24734.79948
2017/1/15,1111,24148.93617
2017/1/16,1112,27368.42105
2017/1/17,1113,27770.70064
2017/1/18,1114,27752.63952
2017/1/19,1115,27769.86951
2017/1/20,1116,26895.70552
2017/1/21,1117,24916.12903
2017/1/22,1118,24227.64228
2017/1/23,1119,26957.14286
2017/1/24,1120,26768.70748
2017/1/25,1121,25894.85459
2017/1/26,1122,23011.47228
2017/1/27,1123,20220.07042
2017/1/28,1124,19666.89327
2017/1/29,1125,19903.38164
2017/1/30,1126,20115.29593
2017/1/31,1127,21192.87374
2017/2/1,1128,22188.20015
2017/2/2,1129,24708.99471
2017/2/3,1130,25572.99843
2017/2/4,1131,24346.28975
2017/2/5,1132,23408.5415
2017/2/6,1133,26398.77925
2017/2/7,1134,26894.40994
2017/2/8,1135,27142.85714
2017/2/9,1136,27090.35222
2017/2/10,1137,27090.26128
2017/2/11,1138,24544.57364
2017/2/12,1139,23996.61304
2017/2/13,1140,26841.33916
2017/2/14,1141,27203.85675
2017/2/15,1142,27224.73605
2017/2/16,1143,27170.62635
2017/2/17,1144,27241.0148
2017/2/18,1145,26155.66038
2017/2/19,1146,23832.48731
2017/2/20,1147,27711.64021
2017/2/21,1148,27776.20397
2017/2/22,1149,28319.60461
2017/2/23,1150,27517.16247
2017/2/24,1151,27137.85047
2017/2/25,1152,24632.18391
2017/2/26,1153,23343.49593
2017/2/27,1154,24077.13499
2017/2/28,1155,25015.92357
2017/3/1,1156,27257.14286
2017/3/2,1157,27079.32692
2017/3/3,1158,26934.40428
2017/3/4,1159,24754.5582
2017/3/5,1160,23981.1543
2017/3/6,1161,27075.14451
2017/3/7,1162,27566.84492
2017/3/8,1163,27758.1864
2017/3/9,1164,27856.049
2017/3/10,1165,27878.78788
2017/3/11,1166,25154.49438
2017/3/12,1167,24356.95538
2017/3/13,1168,27904.10959
2017/3/14,1169,27762.98269
2017/3/15,1170,27786.03269
2017/3/16,1171,28095.95202
2017/3/17,1172,27918.69919
2017/3/18,1173,25230.41475
2017/3/19,1174,24392.73553
2017/3/20,1175,28446.45551
2017/3/21,1176,28202.24719
2017/3/22,1177,28093.48093
2017/3/23,1178,28052.88462
2017/3/24,1179,27870.37037
2017/3/25,1180,24640.52288
2017/3/26,1181,23883.37469
2017/3/27,1182,27222.84434
2017/3/28,1183,27763.329
2017/3/29,1184,28000
2017/3/30,1185,27961.85936
2017/3/31,1186,28051.04408
2017/4/1,1187,24250
2017/4/2,1188,22899.40828
2017/4/3,1189,22797.92746
2017/4/4,1190,23643.7247
2017/4/5,1191,27707.39065
2017/4/6,1192,28165.13761
2017/4/7,1193,28722.31687
2017/4/8,1194,26286.7215
2017/4/9,1195,25577.81202
2017/4/10,1196,30252.80899
2017/4/11,1197,29394.3662
2017/4/12,1198,28012.6183
2017/4/13,1199,28179.31034
2017/4/14,1200,28255.65912
2017/4/15,1201,26189.18919
2017/4/16,1202,25494.65241
2017/4/17,1203,30318.09145
2017/4/18,1204,30735.58648
2017/4/19,1205,31044.3038
2017/4/20,1206,30710.17274
2017/4/21,1207,30991.18943
2017/4/22,1208,24693.69369
2017/4/23,1209,24080.71749
2017/4/24,1210,28357.61589
2017/4/25,1211,29179.63225
2017/4/26,1212,30436.36364
2017/4/27,1213,28351.2931
2017/4/28,1214,27161.88525
2017/4/29,1215,24752.06612
2017/4/30,1216,24007.22022
2017/5/1,1217,25617.43341
2017/5/2,1218,29681.60377
2017/5/3,1219,30947.22598
2017/5/4,1220,31381.57895
2017/5/5,1221,31865.94203
2017/5/6,1222,27583.68201
2017/5/7,1223,25853.15408
2017/5/8,1224,31511.83971
2017/5/9,1225,31552.90102
2017/5/10,1226,32589.07363
2017/5/11,1227,32995.00832
2017/5/12,1228,32769.60784
2017/5/13,1229,27823.88664
2017/5/14,1230,26596.30607
2017/5/15,1231,32350.33259
2017/5/16,1232,30109.58904
2017/5/17,1233,30134.71503
2017/5/18,1234,31314.83715
2017/5/19,1235,31100.91743
2017/5/20,1236,26820.98765
2017/5/21,1237,26161.61616
2017/5/22,1238,32129.38005
2017/5/23,1239,32718.63118
2017/5/24,1240,33022.31237
2017/5/25,1241,31049.18033
2017/5/26,1242,30309.05077
2017/5/27,1243,26353.03266
2017/5/28,1244,25271.51211
2017/5/29,1245,26179.40199
2017/5/30,1246,26633.26653
2017/5/31,1247,32668.46361
2017/6/1,1248,31924.77876
2017/6/2,1249,31746.03175
2017/6/3,1250,30404.41176
2017/6/4,1251,26576.96448
2017/6/5,1252,31832.46073
2017/6/6,1253,33120.56738
2017/6/7,1254,34141.68937
2017/6/8,1255,34025.15723
2017/6/9,1256,33987.06897
2017/6/10,1257,30976.5625
2017/6/11,1258,29160.64982
2017/6/12,1259,34630.68182
2017/6/13,1260,34527.47253
2017/6/14,1261,31909.38511
2017/6/15,1262,30192.14703
2017/6/16,1263,30978.7234
2017/6/17,1264,27255.43478
2017/6/18,1265,26325.3012
2017/6/19,1266,30892.19331
2017/6/20,1267,31914.19142
2017/6/21,1268,33517.15686
2017/6/22,1269,34543.97394
2017/6/23,1270,34568.62745
2017/6/24,1271,30926.09083
2017/6/25,1272,29638.40399
2017/6/26,1273,35161.29032
2017/6/27,1274,35107.52688
2017/6/28,1275,35317.91908
2017/6/29,1276,35244.6184
2017/6/30,1277,34889.26746
2017/7/1,1278,30851.24678
2017/7/2,1279,28589.95138
2017/7/3,1280,35009.48767
2017/7/4,1281,34864.86486
2017/7/5,1282,34930.06993
2017/7/6,1283,35276.19048
2017/7/7,1284,34726.27737
2017/7/8,1285,30418.21561
2017/7/9,1286,29136.40824
2017/7/10,1287,35032.11991
2017/7/11,1288,35482.5462
2017/7/12,1289,35439.56044
2017/7/13,1290,35754.92341
2017/7/14,1291,35551.53707
2017/7/15,1292,31144.3662
2017/7/16,1293,29250.74925
2017/7/17,1294,34351.14504
2017/7/18,1295,36102.71903
2017/7/19,1296,36073.75271
2017/7/20,1297,35985.57692
2017/7/21,1298,36153.84615
2017/7/22,1299,31453.74449
2017/7/23,1300,30897.70355
2017/7/24,1301,36102.3622
2017/7/25,1302,36259.54198
2017/7/26,1303,36210.04566
2017/7/27,1304,35637.06564
2017/7/28,1305,35707.54717
2017/7/29,1306,30000
2017/7/30,1307,27977.9701
2017/7/31,1308,30603.19767
2017/8/1,1309,33084.79532
2017/8/2,1310,33461.04725
2017/8/3,1311,34568.34532
2017/8/4,1312,34734.29952
2017/8/5,1313,31578.94737
2017/8/6,1314,30675.03925
2017/8/7,1315,36119.65812
2017/8/8,1316,36255.81395
2017/8/9,1317,36066.17647
2017/8/10,1318,35749.23547
2017/8/11,1319,36338.98305
2017/8/12,1320,32463.55685
2017/8/13,1321,30937.5
2017/8/14,1322,36047.43083
2017/8/15,1323,36498.42271
2017/8/16,1324,36345.29148
2017/8/17,1325,36405.52995
2017/8/18,1326,36276.84964
2017/8/19,1327,32220.77922
2017/8/20,1328,30719.25754
2017/8/21,1329,36100.3861
2017/8/22,1330,35308.05687
2017/8/23,1331,36066
2017/8/24,1332,35496.36804
2017/8/25,1333,35134.64991
2017/8/26,1334,31507.24638
2017/8/27,1335,29224.97309
2017/8/28,1336,35538.75236
2017/8/29,1337,36102.5641
2017/8/30,1338,35456.17174
2017/8/31,1339,34767.93249
2017/9/1,1340,33047.36372
2017/9/2,1341,29355.10888
2017/9/3,1342,28052.23069
2017/9/4,1343,33969.59459
2017/9/5,1344,34368.93204
2017/9/6,1345,35765.76577
2017/9/7,1346,35031.84713
2017/9/8,1347,35046.43963
2017/9/9,1348,30558.73926
2017/9/10,1349,29534.88372
2017/9/11,1350,34901.36571
2017/9/12,1351,35557.76892
2017/9/13,1352,33906.92641
2017/9/14,1353,32944.11178
2017/9/15,1354,33964.49704
2017/9/16,1355,30660.37736
2017/9/17,1356,28327.68362
2017/9/18,1357,33411.63311
2017/9/19,1358,34262.29508
2017/9/20,1359,34890.51095
2017/9/21,1360,34988.45266
2017/9/22,1361,35371.90083
2017/9/23,1362,32119.04762
2017/9/24,1363,30722.89157
2017/9/25,1364,35816.61891
2017/9/26,1365,36250
2017/9/27,1366,36398.89197
2017/9/28,1367,36006.38978
2017/9/29,1368,35343.2282
2017/9/30,1369,34601.76991
2017/10/1,1370,30293.10345
2017/10/2,1371,35738.09524
2017/10/3,1372,35919.66173
2017/10/4,1373,29077.2317
2017/10/5,1374,34674.65753
2017/10/6,1375,34961.63683
2017/10/7,1376,29567.82713
2017/10/8,1377,28120.45691
2017/10/9,1378,28890.9427
2017/10/10,1379,30255.81395
2017/10/11,1380,35250.73746
2017/10/12,1381,34002.86944
2017/10/13,1382,32268.51852
2017/10/14,1383,28791.54079
2017/10/15,1384,27361.56352
2017/10/16,1385,33055.02846
2017/10/17,1386,32707.58123
2017/10/18,1387,32269.23077
2017/10/19,1388,31273.45845
2017/10/20,1389,30881.05727
2017/10/21,1390,25861.28049
2017/10/22,1391,24229.5082
2017/10/23,1392,28663.88309
2017/10/24,1393,29174.0413
2017/10/25,1394,29244.01914
2017/10/26,1395,29284.9632
2017/10/27,1396,28808.03011
2017/10/28,1397,25565.4102
2017/10/29,1398,24198.52448
2017/10/30,1399,28215.45158
2017/10/31,1400,28532.6087
2017/11/1,1401,29271.13703
2017/11/2,1402,30130.81395
2017/11/3,1403,29252.6017
2017/11/4,1404,25609.00716
2017/11/5,1405,24638.19692
2017/11/6,1406,29631.69643
2017/11/7,1407,30669.85646
2017/11/8,1408,29843.22508
2017/11/9,1409,30246.57534
2017/11/10,1410,30576.92308
2017/11/11,1411,26436.17021
2017/11/12,1412,25178.84914
2017/11/13,1413,29650.05302
2017/11/14,1414,29965.27778
2017/11/15,1415,29271
2017/11/16,1416,30460.199
2017/11/17,1417,30542.74084
2017/11/18,1418,26197.47899
2017/11/19,1419,24634.7032
2017/11/20,1420,28768.65672
2017/11/21,1421,29431.37255
2017/11/22,1422,28949.19169
2017/11/23,1423,28457.94393
2017/11/24,1424,28311.44465
2017/11/25,1425,25667.31141
2017/11/26,1426,24782.22222
2017/11/27,1427,28933.6801
2017/11/28,1428,29704.72441
2017/11/29,1429,29541.73486
2017/11/30,1430,29179.77528
2017/12/1,1431,28526.0771
2017/12/2,1432,25628.69198
2017/12/3,1433,24507.93651
2017/12/4,1434,28263.95939
2017/12/5,1435,28247.16267
2017/12/6,1436,28448.75346
2017/12/7,1437,28635.70392
2017/12/8,1438,27852.6971
2017/12/9,1439,25516.45857
2017/12/10,1440,24242.42424
2017/12/11,1441,27704.40252
2017/12/12,1442,28548.75283
2017/12/13,1443,28430.54083
2017/12/14,1444,28548.3871
2017/12/15,1445,28417.36695
2017/12/16,1446,25519.67709
2017/12/17,1447,24447.98301
2017/12/18,1448,28206.58343
2017/12/19,1449,28658.06452
2017/12/20,1450,28085.5615
2017/12/21,1451,28214.67689
2017/12/22,1452,27750.79197
2017/12/23,1453,25195.53073
2017/12/24,1454,24254.09836
2017/12/25,1455,27929.4653
2017/12/26,1456,28452.83019
2017/12/27,1457,28031.67421
2017/12/28,1458,28225.41966
2017/12/29,1459,27364.86486
2017/12/30,1460,24719.18308
2017/12/31,1461,23326.40333
2018/1/1,1462,23638
2018/1/2,1463,27816
2018/1/3,1464,28253
2018/1/4,1465,28757
2018/1/5,1466,28260
2018/1/6,1467,26062
2018/1/7,1468,25011
2018/1/8,1469,28801
2018/1/9,1470,28910
2018/1/10,1471,28410
2018/1/11,1472,28583
2018/1/12,1473,28093
2018/1/13,1474,25694
2018/1/14,1475,24705
2018/1/15,1476,28269
2018/1/16,1477,28285
2018/1/17,1478,28340
2018/1/18,1479,29076
2018/1/19,1480,28467
2018/1/20,1481,25883
2018/1/21,1482,24695
2018/1/22,1483,28264
2018/1/23,1484,28381
2018/1/24,1485,28228
2018/1/25,1486,28352
2018/1/26,1487,27537
2018/1/27,1488,25383
2018/1/28,1489,24535
2018/1/29,1490,28397
2018/1/30,1491,28606
2018/1/31,1492,28364
2018/2/1,1493,28521
2018/2/2,1494,28202
2018/2/3,1495,26353
2018/2/4,1496,26273
2018/2/5,1497,29059
2018/2/6,1498,28510
2018/2/7,1499,28889
2018/2/8,1500,28436
2018/2/9,1501,28302
2018/2/10,1502,26015
2018/2/11,1503,25349
2018/2/12,1504,27324
2018/2/13,1505,26300
2018/2/14,1506,23482
2018/2/15,1507,20979
2018/2/16,1508,20759
2018/2/17,1509,20282
2018/2/18,1510,20987
2018/2/19,1511,22071
2018/2/20,1512,23261
2018/2/21,1513,26510
2018/2/22,1514,27283
2018/2/23,1515,27093
2018/2/24,1516,25317
2018/2/25,1517,24690
2018/2/26,1518,27435
2018/2/27,1519,27818
2018/2/28,1520,26394
2018/3/1,1521,28372
2018/3/2,1522,28143
2018/3/3,1523,26052
2018/3/4,1524,25431
2018/3/5,1525,29460
2018/3/6,1526,27989
2018/3/7,1527,28469
2018/3/8,1528,27944
2018/3/9,1529,27617
2018/3/10,1530,24946
2018/3/11,1531,24245
2018/3/12,1532,27935
2018/3/13,1533,28418
2018/3/14,1534,28536
2018/3/15,1535,28941
2018/3/16,1536,28620
2018/3/17,1537,25794
2018/3/18,1538,24808
2018/3/19,1539,29102
2018/3/20,1540,28823
2018/3/21,1541,27699
2018/3/22,1542,27982
2018/3/23,1543,27642
2018/3/24,1544,25149
2018/3/25,1545,24573
2018/3/26,1546,28383
2018/3/27,1547,28602
2018/3/28,1548,28752
2018/3/29,1549,28983
2018/3/30,1550,28897
2018/3/31,1551,27845
2018/4/1,1552,25072
2018/4/2,1553,29047
2018/4/3,1554,29267
2018/4/4,1555,26121
2018/4/5,1556,24981
2018/4/6,1557,24450
2018/4/7,1558,23940
2018/4/8,1559,23895
2018/4/9,1560,28232
2018/4/10,1561,28728
2018/4/11,1562,30193
2018/4/12,1563,30645
2018/4/13,1564,31068
2018/4/14,1565,27721
2018/4/15,1566,24630
2018/4/16,1567,28365
2018/4/17,1568,28399
2018/4/18,1569,28521
2018/4/19,1570,29442
2018/4/20,1571,29380
2018/4/21,1572,26962
2018/4/22,1573,26356
2018/4/23,1574,31487
2018/4/24,1575,31110
2018/4/25,1576,29570
2018/4/26,1577,29944
2018/4/27,1578,30356
2018/4/28,1579,26835
2018/4/29,1580,26074
2018/4/30,1581,30086
2018/5/1,1582,28665
2018/5/2,1583,32351
2018/5/3,1584,30659
2018/5/4,1585,30638
2018/5/5,1586,27477
2018/5/6,1587,27517
2018/5/7,1588,32762
2018/5/8,1589,31729
2018/5/9,1590,30104
2018/5/10,1591,30174
2018/5/11,1592,30735
2018/5/12,1593,27439
2018/5/13,1594,27088
2018/5/14,1595,32914
2018/5/15,1596,33518
2018/5/16,1597,34235
2018/5/17,1598,34692
2018/5/18,1599,35061
2018/5/19,1600,30567
2018/5/20,1601,29607
2018/5/21,1602,34269
2018/5/22,1603,34776
2018/5/23,1604,34892
2018/5/24,1605,34099
2018/5/25,1606,35023
2018/5/26,1607,30416
2018/5/27,1608,30287
2018/5/28,1609,36007
2018/5/29,1610,36329
2018/5/30,1611,36771
2018/5/31,1612,36713
2018/6/1,1613,33549
2018/6/2,1614,29031
2018/6/3,1615,28480
2018/6/4,1616,34478
2018/6/5,1617,35302
2018/6/6,1618,35802
2018/6/7,1619,35702
2018/6/8,1620,36102
2018/6/9,1621,31775
2018/6/10,1622,29798
2018/6/11,1623,32557
2018/6/12,1624,33517
2018/6/13,1625,34034
2018/6/14,1626,33737
2018/6/15,1627,31614
2018/6/16,1628,28619
2018/6/17,1629,27261
2018/6/18,1630,27948
2018/6/19,1631,32063
2018/6/20,1632,32244
2018/6/21,1633,33176
2018/6/22,1634,33748
2018/6/23,1635,30175
2018/6/24,1636,29174
2018/6/25,1637,35108
2018/6/26,1638,35259
2018/6/27,1639,35122
2018/6/28,1640,35448
2018/6/29,1641,34966
2018/6/30,1642,30484
2018/7/1,1643,29016
2018/7/2,1644,33151
2018/7/3,1645,34138
2018/7/4,1646,33744
2018/7/5,1647,33157
2018/7/6,1648,34306
2018/7/7,1649,30399
2018/7/8,1650,28916
2018/7/9,1651,34951
2018/7/10,1652,34753
2018/7/11,1653,31203
2018/7/12,1654,34408
2018/7/13,1655,34990
2018/7/14,1656,31279
2018/7/15,1657,29296
2018/7/16,1658,35178
2018/7/17,1659,36200
2018/7/18,1660,36460
2018/7/19,1661,36705
2018/7/20,1662,35740
2018/7/21,1663,31327
2018/7/22,1664,29333
2018/7/23,1665,34239
2018/7/24,1666,35976
2018/7/25,1667,35901
2018/7/26,1668,35806
2018/7/27,1669,35675
2018/7/28,1670,31376
2018/7/29,1671,30623
2018/7/30,1672,36318
2018/7/31,1673,36906
2018/8/1,1674,37351
2018/8/2,1675,36122
2018/8/3,1676,36116
2018/8/4,1677,31905
2018/8/5,1678,29660
2018/8/6,1679,36089
2018/8/7,1680,36132
2018/8/8,1681,36191
2018/8/9,1682,35872
2018/8/10,1683,36020
2018/8/11,1684,31721
2018/8/12,1685,30095
2018/8/13,1686,34739
2018/8/14,1687,34827
2018/8/15,1688,33954
2018/8/16,1689,34368
2018/8/17,1690,35182
2018/8/18,1691,30087
2018/8/19,1692,28654
2018/8/20,1693,34375
2018/8/21,1694,34675
2018/8/22,1695,34783
2018/8/23,1696,34745
2018/8/24,1697,30158
2018/8/25,1698,29174
2018/8/26,1699,28097
2018/8/27,1700,32329
2018/8/28,1701,31922
2018/8/29,1702,32109
2018/8/30,1703,31886
2018/8/31,1704,32264
2018/9/1,1705,28928
2018/9/2,1706,28176
2018/9/3,1707,33843
2018/9/4,1708,35163
2018/9/5,1709,35238
2018/9/6,1710,34890
2018/9/7,1711,34524
2018/9/8,1712,29661
2018/9/9,1713,26810
2018/9/10,1714,31645
2018/9/11,1715,33276
2018/9/12,1716,34117
2018/9/13,1717,34521
2018/9/14,1718,34631
2018/9/15,1719,29281
2018/9/16,1720,28947
2018/9/17,1721,35098
2018/9/18,1722,35327
2018/9/19,1723,34991
2018/9/20,1724,35019
2018/9/21,1725,34892
2018/9/22,1726,30272
2018/9/23,1727,27876
2018/9/24,1728,27223
2018/9/25,1729,32749
2018/9/26,1730,31949
2018/9/27,1731,31946
2018/9/28,1732,31510
2018/9/29,1733,26812
2018/9/30,1734,25505
2018/10/1,1735,30707
2018/10/2,1736,30992
2018/10/3,1737,30579
2018/10/4,1738,29852
2018/10/5,1739,30375
2018/10/6,1740,27097
2018/10/7,1741,25871
2018/10/8,1742,30873
2018/10/9,1743,31288
2018/10/10,1744,27562
2018/10/11,1745,29875
2018/10/12,1746,29172
2018/10/13,1747,26162
2018/10/14,1748,25687
2018/10/15,1749,30538
2018/10/16,1750,31462
2018/10/17,1751,30079
2018/10/18,1752,30097
2018/10/19,1753,29952
2018/10/20,1754,26206
2018/10/21,1755,25377
2018/10/22,1756,30240
2018/10/23,1757,30450
2018/10/24,1758,30549
2018/10/25,1759,31029
2018/10/26,1760,31014
2018/10/27,1761,25586
2018/10/28,1762,24289
2018/10/29,1763,28439
2018/10/30,1764,29073
2018/10/31,1765,29060
2018/11/1,1766,28605
2018/11/2,1767,28905
2018/11/3,1768,26486
2018/11/4,1769,25391
2018/11/5,1770,29866
2018/11/6,1771,30772
2018/11/7,1772,30941
2018/11/8,1773,31419
2018/11/9,1774,30295
2018/11/10,1775,26927
2018/11/11,1776,25556
2018/11/12,1777,29963
2018/11/13,1778,29512
2018/11/14,1779,29437
2018/11/15,1780,29920
2018/11/16,1781,29969
2018/11/17,1782,26630
2018/11/18,1783,25682
2018/11/19,1784,29184
2018/11/20,1785,29730
2018/11/21,1786,30019
2018/11/22,1787,28817
2018/11/23,1788,28416
2018/11/24,1789,24811
2018/11/25,1790,24821
2018/11/26,1791,28884
2018/11/27,1792,29017
2018/11/28,1793,28956
2018/11/29,1794,28691
2018/11/30,1795,28562
2018/12/1,1796,25636
2018/12/2,1797,24981
2018/12/3,1798,28963
2018/12/4,1799,29868
2018/12/5,1800,29406
2018/12/6,1801,30019
2018/12/7,1802,28355
2018/12/8,1803,25188
2018/12/9,1804,24038
2018/12/10,1805,28631
2018/12/11,1806,28683
2018/12/12,1807,28236
2018/12/13,1808,28180
2018/12/14,1809,28184
2018/12/15,1810,25401
2018/12/16,1811,24544
2018/12/17,1812,27835
2018/12/18,1813,28111
2018/12/19,1814,28371
2018/12/20,1815,28520
2018/12/21,1816,28647
2018/12/22,1817,27178
2018/12/23,1818,24509
2018/12/24,1819,27928
2018/12/25,1820,28585
2018/12/26,1821,28463
2018/12/27,1822,27726
2018/12/28,1823,26844
2018/12/29,1824,24309
2018/12/30,1825,23326
2018/12/31,1826,23399
2019/1/1,1827,23872
2019/1/2,1828,28148
2019/1/3,1829,28452
2019/1/4,1830,28490
2019/1/5,1831,26054
2019/1/6,1832,24617
2019/1/7,1833,28536
2019/1/8,1834,28719
2019/1/9,1835,28641
2019/1/10,1836,29006
2019/1/11,1837,28798
2019/1/12,1838,25905
2019/1/13,1839,24629
2019/1/14,1840,28348
2019/1/15,1841,28887
2019/1/16,1842,28649
2019/1/17,1843,28395
2019/1/18,1844,27756
2019/1/19,1845,26477
2019/1/20,1846,24539
2019/1/21,1847,27739
2019/1/22,1848,28140
2019/1/23,1849,27838
2019/1/24,1850,27863
2019/1/25,1851,27296
2019/1/26,1852,25282
2019/1/27,1853,24414
2019/1/28,1854,27557
2019/1/29,1855,27858
2019/1/30,1856,27760
2019/1/31,1857,27181
2019/2/1,1858,24709
2019/2/2,1859,23382
2019/2/3,1860,22915
2019/2/4,1861,20214
2019/2/5,1862,19992
2019/2/6,1863,19936
2019/2/7,1864,20938
2019/2/8,1865,21581
2019/2/9,1866,22436
2019/2/10,1867,23236
2019/2/11,1868,26667
2019/2/12,1869,27768
2019/2/13,1870,27699
2019/2/14,1871,28250
2019/2/15,1872,28262
2019/2/16,1873,25432
2019/2/17,1874,24343
2019/2/18,1875,28645
2019/2/19,1876,28876
2019/2/20,1877,29078
2019/2/21,1878,28912
2019/2/22,1879,28420
2019/2/23,1880,26723
2019/2/24,1881,24694
2019/2/25,1882,28084
2019/2/26,1883,28390
2019/2/27,1884,28013
2019/2/28,1885,25472
