day,Temperature,T Max,T Min,RH,WS,body_temp
1,17.1,25,11.2,70,0.5,27.39661475
2,19.3,26.4,13.1,67,0.7,28.89861968
3,20.9,26.4,17.4,72,0.9,29.11172563
4,18.3,22.1,13.7,64,1.9,22.44454118
5,16.6,22.5,11.9,59,1.1,23.19223097
6,16.4,22.3,12.7,68,0.8,23.62388083
7,17.6,25.2,12.9,,0.6,23.118
8,18.4,25.7,13.8,72,1.6,27.72879144
9,14.8,18.1,13.4,70,2.9,17.1398184
10,16.3,21.6,13.7,70,1.3,22.5214238
11,16.8,23.6,12.2,79,1,25.78332773
12,17.8,22.2,14.7,73,2.2,22.85465747
13,16.2,20.5,14.2,73,2.8,20.31178766
14,14.8,17.4,13,74,3.3,16.1854695
15,15.3,20.9,12,57,2.1,20.48135049
16,16,22.6,11,63,0.8,23.72949011
17,16.8,22.9,11.3,65,1.3,23.89099852
18,15,20.4,10.7,55,3.1,19.1306191
19,14.6,21.8,8.2,63,1,22.60398308
20,15.3,21.1,10.9,72,1.2,22.05773349
21,13.5,18,10.5,59,3.1,16.43467864
22,12.8,18.3,9.5,55,2.6,16.94997
23,13.5,21,7.2,61,0.8,21.64607972
24,14.7,21.7,8.5,57,0.8,22.29935977
25,17,25.4,9.7,54,1.1,26.49396608
26,16.1,21.4,11.9,64,1.9,21.57464025
27,16.8,22.7,13.8,67,1.4,23.68451047
28,17.1,24.2,11.9,73,0.8,26.34418212
29,17.5,24,11.9,72,0.8,26.02433081
30,18.3,26.2,12.1,59,0.7,28.09423705
31,18,25.7,12.6,69,1,27.92125847
32,19.2,26.8,12.5,61,1,28.80745369
33,22.2,29,16.8,59,0.8,31.65107075
34,22.5,29.1,18.6,71,1.2,32.48605601
35,18.9,23.9,15.2,70,2,24.99642003
36,18.6,24.3,14.9,81,1,26.82922548
37,20.9,24.9,17.7,78,0.9,27.50871055
38,20.4,23.6,18.5,80,1.1,25.77642048
39,17.2,20.3,14.3,78,1.7,21.01335873
40,14.4,16.1,12.1,86,1.9,15.94950357
41,10.6,12.7,9.4,80,3,10.90336533
42,9.7,11.1,8.7,77,2.1,9.510535204
43,13.9,19.1,10.3,75,1.7,19.36744403
44,14.8,18.8,12.7,80,2.2,18.88563985
45,13.1,16.4,11.6,79,2.5,15.67150077
46,14.3,16.8,12.5,74,1,16.94722689
47,17.1,23.6,13.2,79,0.7,25.97832773
48,19.9,27.2,13.7,73,0.8,30.31810189
49,19.2,26.7,15.2,76,1.5,29.40100443
50,12.4,15.5,10.9,81,3,14.31668997
51,12.9,18.3,9.4,62,3.1,16.91871164
52,13.6,21.2,6.7,65,1.2,21.8322808
53,16,22.3,10.3,69,1,23.54758496
54,16.6,22.2,11.2,75,1.1,23.67641521
55,17.1,22,14.1,76,1,23.5377465
56,18.8,26.4,12.2,68,0.8,28.90224087
57,20.8,27.3,16,66,1,29.81650642
58,20.4,26.4,15.4,72,1.2,28.91672563
59,20.6,28,17.3,73,1,31.27087274
60,21.9,27,17.9,70,1,29.70574146
61,17.8,21.8,15.7,76,2.2,22.50121769
62,16.8,19.9,14.3,74,1.7,20.32147734
63,18.4,25.3,15.5,76,1.3,27.65394787
64,17.5,22.6,14.6,72,2.1,23.37670298
65,15.6,18,14.3,76,1.6,18.10975554
66,16.3,21,14,78,1.6,21.96941341
67,15.4,18.1,13.4,84,1.4,18.69498209
68,14.9,17.6,13.4,75,2.4,17.05585474
69,16.9,20.8,13.9,75,1.2,21.82719115
70,17.7,21.3,16.1,81,0.9,22.95977529
71,19,24.2,15.8,83,0.9,26.88139885
72,18.6,20.8,16.6,80,1.6,21.81220389
73,16.9,21.1,14.6,56,2.3,20.54412605
74,18.3,23.6,14.2,62,1,24.79575087
75,18.7,22.9,16.7,67,0.7,24.39238309
76,20.8,26.9,15.3,70,0.6,29.83266354
77,22.5,27.7,17.4,72,0.7,30.98458823
78,24.8,30.1,21,70,1.1,33.8431998
79,20.8,26.3,14,74,2.2,28.27015806
80,15.4,19,13.5,63,2.2,18.39184048
81,17.8,22.1,13.5,69,1.1,23.22981784
82,19.7,24,16.5,67,0.8,25.72680784
83,20,25.3,15.8,74,0.8,27.85034397
84,22,28.6,16.2,66,0.6,31.80356653
85,24.5,30.5,18.6,68,0.9,34.35283797
86,25.3,31,21.1,71,1,35.24743499
87,25.7,31.4,21.3,75,1,36.17585047
88,26.7,31.8,23.3,72,1.7,36.01308304
89,26.2,30.7,23.4,66,1.2,34.25766903
90,22.3,29.1,19.1,80,1.4,33.07885184
91,20.5,24.1,18.6,76,1.8,25.74352697
92,20.4,23.7,18.2,76,1.1,25.67466393
93,21.1,24.4,18.4,78,1.3,26.58480971
94,21.3,24.9,18.6,60,1.5,25.98846965
95,21.9,27.4,17.1,65,1.1,29.8107225
96,22.7,27.4,17.9,64,0.9,29.86795754
97,20.5,22.6,19.8,79,1.5,24.14953521
98,23.2,29.3,19.1,73,0.9,33.11763764
99,24.5,30.5,21.5,70,1.4,34.20189203
100,24.8,31.4,20.3,66,1.6,34.96146841
101,24.3,29.8,20,69,0.9,33.47610407
102,25.8,31.2,21,62,1.3,34.51800513
103,26.6,31.3,23.6,67,2,34.65436194
104,23.4,28.9,19.6,63,2.4,30.79750572
105,23.2,29.1,18.8,66,1.2,32.08450277
106,24.9,30.7,21.4,63,1.4,33.86359316
107,25.7,31.4,22.6,65,1.3,35.06487041
108,25.6,30.2,23.1,71,0.9,34.19691473
109,25.4,30.8,23,74,1.1,35.16808234
110,25.6,29.2,23,71,1.3,32.55802237
111,26.1,31.6,22.3,68,1.2,35.68363182
112,25.5,31,21.1,69,1.5,34.74335231
113,23.6,27.4,20.1,67,1.3,29.82625242
114,25.3,32,22.1,70,1.2,36.43319663
115,25.5,31.6,23,73,1.1,36.21184004
116,24.6,26.8,22.8,81,0.8,30.34252047
117,26.3,32.5,22,70,1.2,37.14268329
118,25.6,30.9,22.1,64,1.6,34.09414311
119,25.3,30.7,21.1,61,1.3,33.75254259
120,22.9,26.1,18.7,73,1.3,28.52057645
121,21.5,23.3,18.3,87,0.7,26.04062389
122,25.2,30.7,20.9,75,1.1,35.11489662
123,26.2,30.5,23.1,71,0.8,34.67891906
124,25.7,29.4,22.6,71,1.1,32.96245285
125,21.8,25.8,17.5,76,2.4,27.60585409
126,18.8,20.5,16.5,83,1.1,21.89785447
127,21.5,25.6,19.6,86,0.6,29.1631935
128,24.3,29.4,20.5,78,1,33.59942707
129,23.7,25.5,22.6,86,0.7,28.96094705
130,25.4,30.2,21.8,74,0.9,34.45355901
131,27.9,32.8,23.1,66,1.2,37.1741245
132,27.3,33.7,24.5,71,1.6,38.70898025
133,25.5,29.8,23.6,82,1.1,34.43303672
134,28.4,32.5,23.7,69,2.2,36.39521638
135,26.4,29.1,23.6,79,1.8,32.73854119
136,26.6,31.3,24,82,0.9,36.73556238
137,27.8,33.2,23.2,73,1.3,38.38296129
138,26.1,30.1,23.7,80,1.2,34.62879977
139,24.6,28.2,23.5,88,0.8,32.81669927
140,25,27.5,23.4,87,0.8,31.74762385
141,24.5,27.8,23.1,91,0.5,32.6649071
142,26.3,30.3,23.1,81,0.6,35.39112869
143,25.7,29.4,23.7,83,0.8,34.13798009
144,27.4,32,23.9,71,0.6,36.91795658
145,28.1,32.5,24.7,71,1.3,37.17515019
146,28.6,33.2,24.9,72,1.7,38.02159196
147,27.8,30.9,25.4,81,1.4,35.73771238
148,27.9,33,25.3,78,1.1,38.72377879
149,27,29.9,24.4,83,1.1,34.66055813
150,27.7,31.5,24.7,77,1,36.50312767
151,28.6,33,24.7,72,1.2,38.05733427
152,28.9,33,26.2,71,1.6,37.69709352
153,29.8,33.9,26.6,67,2.2,38.18824734
154,26.1,28.8,23.9,82,1.2,32.94439177
155,27.8,32.1,24.1,78,1.1,37.40209236
156,27.1,32,24.8,80,1.2,37.38079615
157,26.6,32.5,23,82,1,38.44228613
158,26.9,31.8,24.2,82,0.9,37.47003902
159,27.3,32.4,25.1,80,0.9,38.16461644
160,28.6,33.1,25.2,75,1.9,38.04927542
161,28,32.3,26.2,74,2.5,36.39883672
162,27.9,31.2,25.7,71,2.3,34.68308652
163,29,34,25.2,65,1.3,38.70465411
164,28,34.1,24.3,75,1.1,40.04291433
165,27,30.5,25,83,1.1,35.5282434
166,27.3,30.7,25.7,84,0.8,36.10212422
167,29.5,34.3,25,71,2,39.32408133
168,29.4,33.2,27.1,72,2.5,37.50159196
169,29.7,33.3,27.1,72,2.1,37.90651775
170,29.6,33.6,26.8,72,1.9,38.4724926
171,29.3,32.7,27.4,74,1.8,37.43205713
172,29.8,34,25.9,69,1.9,38.73863283
173,30.4,34.9,26.7,66,2.2,39.51945957
174,29.6,33,26.7,70,1.8,37.46685276
175,29.1,34,25.8,73,1.4,39.48761154
176,29.2,33.7,26.3,73,1.7,38.85245857
177,28.7,32.4,26.1,74,1.6,37.12809521
178,29.3,32.9,25.8,72,1.4,37.78300077
179,30.3,34.7,26.3,67,1.2,39.99079466
180,28.9,33.1,26.8,76,0.9,38.80007909
181,28.9,33.9,25.8,76,1.1,39.85190743
182,29.7,34.1,26.1,72,1.6,39.39815776
183,30.3,34.8,27.3,67,1.7,39.81073676
184,30.6,34.2,27.3,67,1.6,39.00900811
185,30.4,34.2,27.6,68,1.1,39.44118733
186,30.3,34.4,26.7,66,1.4,39.31876582
187,31.2,35.3,27.4,64,1.3,40.45670937
188,31.6,35.8,28.2,62,1.9,40.55572924
189,29.4,32.2,27.1,71,2.3,36.09727026
190,31.2,35.4,27.6,66,2.2,40.24501847
191,30.7,34.3,28.6,70,2.1,39.15130554
192,30.4,35.1,27.6,71,1.9,40.56735854
193,30.9,35.7,27,68,2,41.04560042
194,31.2,35.6,27.6,64,1.9,40.50003146
195,31.1,35.4,28,66,1.8,40.50501847
196,30.8,34.7,28.3,65,1.4,39.64041273
197,30.1,34.4,26.4,67,1.4,39.42714106
198,30.7,36.4,26.9,66,1,42.49112558
199,29.1,34.9,25.9,73,1.3,40.88437195
200,29.4,33.9,26,73,1.3,39.4056874
201,29.7,34.5,27.5,74,1.4,40.33434062
202,30.3,34.4,27,69,1,39.90389154
203,29.6,34.2,26.2,73,0.9,40.10708346
204,26.2,29.1,23.9,87,3.2,32.47102637
205,29.6,32.1,26.5,69,2.6,35.56942786
206,28.7,33.2,25.5,79,1.7,38.73117729
207,29.6,34.4,24.7,76,1.2,40.53251822
208,29.9,33.6,27.1,75,1.6,38.97847146
209,28.9,33.3,24.5,83,1.1,39.67783297
210,29.2,33.3,24.9,81,1.2,39.40895747
211,30.5,34.1,27.8,76,1.6,39.82449986
212,30.3,33.7,26.5,78,1.7,39.37365436
213,30.6,35.1,27.9,73,2.1,40.66266441
214,30.3,33.9,27.2,72,2.3,38.65028072
215,30.2,34.7,25.2,73,1.8,40.26194045
216,27.8,32.8,25.1,89,0.9,39.64895577
217,28.2,31.6,25.1,82,1.2,36.98061484
218,29.5,33.6,26.9,76,0.9,39.53713108
219,29.4,33.5,26.7,77,1.1,39.36238166
220,29.6,34.8,26.2,79,1.6,41.20536125
221,28.5,33.9,26,85,1.8,40.34556752
222,27.6,32.4,25.6,85,1.8,38.06421747
223,28.4,31.7,24.6,82,1.6,36.86772076
224,27.9,31.6,25.3,85,1.7,36.93353977
225,27.3,30.3,25.2,82,2,34.56716732
226,29.1,32.3,26,74,1.9,36.78883672
227,29.8,33.3,26.9,76,2,38.37926874
228,30,34.1,27.3,76,1.7,39.75949986
229,29.6,33,26.7,77,1.4,38.42853804
230,28.1,33.6,23.7,79,1.1,39.71810994
231,27.5,30.8,23.9,78,1.5,35.2621949
232,28.3,31.4,25.4,72,1.6,35.51105645
233,28.6,33.3,23.9,71,1,38.51958001
234,29.1,33.6,25.2,70,1.1,38.78517336
235,29.3,33.9,25.4,63,0.9,38.61162063
236,29.4,33.6,25.2,68,1.1,38.57785412
237,29.4,32.9,26.3,73,1.1,38.07768133
238,29.6,33.5,26.9,74,1.1,39.05313302
239,29.1,34,25.6,74,1.1,39.78860622
240,28.8,33.7,24.4,71,0.9,39.16398025
241,29.1,33,26.1,74,1.1,38.32281578
242,27.7,34,24.2,79,0.9,40.44857961
243,28.5,33.2,23.6,72,1,38.47659196
244,29.3,34,25.6,73,1.1,39.68261154
245,29.2,33.7,25.7,74,1.1,39.34669773
246,29.4,33.7,25.9,71,1.4,38.83898025
247,29.5,33.5,26.7,72,1.5,38.58696726
248,29.9,33.9,25.8,71,1.1,39.32487405
249,30.2,34.1,26.7,71,1.4,39.42157223
250,30.1,33.9,27.4,71,1.7,38.93487405
251,29.5,34.1,26,70,1.1,39.50998671
252,29.6,34.2,26,70,1.3,39.52554578
253,29.5,33.5,26.5,71,1,38.80888438
254,29.5,33.4,26.6,75,1.2,38.94416936
255,29.2,32.1,27.5,76,1.4,37.01650025
256,29.1,32.6,25.3,72,1.3,37.41617205
257,30.3,35.6,25.5,73,1,42.12720775
258,31.4,36.5,27,67,1.4,42.50050837
259,30.3,34.8,27.2,69,1.1,40.42234084
260,29.9,34.3,26.6,74,1,40.29740871
261,30.7,34.2,27.5,73,1.2,39.91208346
262,30.4,34,27,73,0.9,39.81261154
263,29.1,33.2,25,78,1.5,38.75980796
264,27.4,30.1,25.5,84,2.2,34.31903976
265,26.7,30.8,23.7,84,1.4,35.85836374
266,27.5,32.3,24.9,81,1.1,37.98346993
267,27.6,33.2,24.3,82,1,39.49028529
268,28.2,32.5,24.9,78,1,38.05241852
269,28.8,33,26.2,75,1.1,38.42305653
270,28.7,33.1,25.2,75,0.9,38.69927542
271,28.3,32.3,26.1,74,1.1,37.30883672
272,28.5,32.3,25.7,73,1.1,37.21246055
273,28.4,32,25.5,74,1,36.94223644
274,28.2,32,25.7,73,1.4,36.58747649
275,27.6,31.8,24.2,73,1.4,36.30177864
276,27.2,32,24,60,2.3,34.77059711
277,25.6,30.3,22.7,54,2.7,31.70308579
278,25.8,30.7,22.9,57,2.3,32.75044143
279,25.4,31.3,21.5,55,2,33.56140159
280,24.9,30.1,21,56,1.7,32.26235984
281,25.1,30.9,20.5,63,1.3,34.20010963
282,26.1,32.5,20.4,65,1.4,36.52534877
283,26.7,31.1,23.3,71,2.6,34.34767107
284,25.6,28.3,24.2,71,4.1,29.51120678
285,25.3,29.5,22.3,64,2.5,31.61464473
286,25,30.4,20.7,59,1.6,32.98136443
287,24,29.1,20.1,56,1.6,31.02139629
288,23.3,28.8,18.8,58,1.2,31.0500332
289,23.1,28.6,19,60,1.1,31.01042412
290,24.6,30.2,19.7,64,0.9,33.59807807
291,25.2,30.9,20.5,69,1.1,34.86431055
292,25.7,31.7,21.2,67,0.8,35.99021087
293,26.3,32.6,21.1,66,0.9,37.08807438
294,27,33.7,21.7,60,0.8,38.08234951
295,25.8,31.6,22.7,66,1.9,35.04334853
296,24.8,29.8,22.2,62,1.8,32.30583264
297,24.9,30.3,20.6,70,0.9,34.24970381
298,25.1,30.2,22,76,0.8,34.6896552
299,26,31.4,22.7,77,1.2,36.22904648
300,26.5,31.7,23.2,68,1.6,35.56337819
301,25.7,31.1,21.6,63,1.1,34.60225743
302,25.8,30.7,21.8,70,0.9,34.80477018
303,25.6,30.4,22.2,72,0.9,34.56127524
304,25.3,29.6,22.9,78,0.9,33.94614127
305,25.5,30.3,22.3,77,0.8,34.91697419
306,24.5,29.1,21.3,74,2.4,31.94698795
307,22.5,27,20.1,58,2.9,27.61775721
308,22.7,27.9,20.1,60,1.1,30.09604124
309,23.4,28.4,19.5,67,0.8,31.48337265
310,23.9,30.1,20.6,63,1.8,32.79277982
311,24.2,30,20,64,0.9,33.32775666
312,24.2,29.2,21.2,71,1.3,32.55802237
313,23,26.4,19.8,77,2.2,28.60983158
314,23.3,29.9,18.9,70,1,33.63237433
315,23.4,29,19.6,70,0.9,32.46440598
316,22.4,25.9,20.4,71,1.7,27.86155512
317,21.1,25.1,18.8,70,1.7,26.74698467
318,21,25.3,18.3,74,1.1,27.65534397
319,22,25.2,18.6,78,0.7,28.03886209
320,23.3,29,19.4,73,2.4,31.72895195
321,21.8,24.3,18.2,74,2.8,25.23514426
322,21.1,26.4,18.4,63,2.2,27.64913493
323,21.7,27.6,17.9,67,1,30.28649761
324,21.6,27.8,16.7,74,0.8,31.20370467
325,22.3,28.3,17.5,75,1.2,31.70292265
326,22.8,30.9,17.2,72,0.8,35.326411
327,22.8,28.5,18.7,75,0.6,32.3679913
328,23.2,29.5,18.3,75,0.8,33.62364616
329,22.7,29.2,18.2,75,0.8,33.20612222
330,23.4,30,18.2,68,1,33.60105396
331,24.4,29.6,20.9,75,1,33.6331743
332,24.2,29.8,21,80,0.9,34.39581631
333,25.2,30.8,21.6,80,0.9,35.82925118
334,25.6,30.9,23.4,77,0.8,35.77157843
335,20.8,25.1,15.7,70,2.9,25.96698467
336,16.7,19,14.1,76,1.5,19.41674407
337,20.5,24.6,17,77,0.7,27.17824276
338,15.9,20,13.2,80,3,19.88162891
339,15.3,20,11.6,66,1.8,20.00859385
340,16.9,23.2,11.4,64,1,24.40745534
341,18.8,25.5,13.9,71,0.7,27.98490977
342,18.9,25,14.8,72,1.7,26.7429466
343,19.7,25.2,14.6,72,0.7,27.65533424
344,20.8,25.4,17.6,79,1.6,27.78608
345,19.8,22.8,16.9,75,2.4,23.60373978
346,15.4,18.4,13.5,73,2.9,17.63354642
347,15.5,19.4,13.9,60,2,18.87258813
348,18.2,23.9,14.3,65,0.6,25.61067574
349,20.1,25.3,16.6,70,1.3,27.26813619
350,16.7,20,13.4,63,3,19.08865777
351,12.3,15.1,9.2,55,2.4,13.3279823
352,14.7,21.6,8.7,63,0.7,22.55118142
353,15.8,18.3,14.2,80,0.8,19.16904727
354,16.5,21.2,13,73,1.8,21.84403843
355,15.5,19.8,12.4,74,1.8,20.13131276
356,14.6,20.4,11,60,2.1,20.01967538
357,16.4,21.7,10.3,68,0.7,22.93392043
358,20.2,26.9,16.3,64,1.7,28.6936638
359,17.2,21.5,15.2,79,1.2,22.92083648
360,16.6,19.5,14.6,82,1.2,20.50828667
361,16.8,20.7,14.9,84,1.2,22.13899481
362,15.5,18.4,13.3,85,1.9,18.79026638
363,15.1,20.3,12,62,1.9,20.12308002
364,15.7,23.3,9.8,69,0.8,24.94866722
365,15.9,22.5,10.5,69,0.9,23.86582943
366,14.7,20.5,11.5,61,1.8,20.3845075
367,14.4,20.1,9.9,61,0.8,20.54700324
368,16.3,22.5,12.1,68,0.5,24.07146959
369,16.9,24.3,11.3,69,0.6,26.36222911
370,19.4,28.1,12.7,64,0.6,30.9847972
371,21.1,28.7,16,67,1.1,31.69092742
372,17.4,22.1,13.8,73,2.5,22.53203916
373,15.1,20.1,12.9,59,2.3,19.47813428
374,16.6,22.3,13.3,59,1.3,22.81554366
375,17,22.9,12,63,1,23.97461395
376,17.9,24.6,12.3,65,0.8,26.37310103
377,19.3,25,15.4,62,0.9,26.63128735
378,18.4,23.2,15.7,73,1.1,24.8528475
379,16.7,21.1,13.9,78,2.1,21.77221128
380,16.9,23,12.9,66,1.7,23.81296787
381,16.8,22.4,12.7,73,1.4,23.63027174
382,15.9,21.1,12.3,62,2.1,20.97360384
383,15.7,21.7,11.3,70,1.4,22.58247691
384,16.4,22.3,12.1,63,1.6,22.83536018
385,17.8,24.2,12.8,70,0.9,26.0985171
386,18.1,22.1,14.3,78,1.8,23.25231582
387,16.1,21.4,11.5,51,1.9,20.91374458
388,14.9,22.8,8.2,57,0.9,23.58232223
389,15.8,23.8,9.4,67,0.9,25.4062635
390,18.7,24.4,15.2,67,1.1,26.04440065
391,18.3,21.7,16,82,1.3,23.26881581
392,18.2,21.1,16.8,84,1.5,22.46168907
393,18,23.1,15.5,71,1.8,24.15620835
394,18.2,23.9,15.8,76,1.4,25.74131317
395,17.3,22.1,14.3,77,2.4,22.80926049
396,16.1,21.8,13.6,72,2.1,22.35783781
397,17.1,22.6,13.7,70,1.3,23.78732234
398,17.9,23.9,14,76,1,26.00131317
399,17.6,21.8,15.8,80,2,22.83959756
400,16.5,21.6,14.4,76,2.4,22.11520299
401,13.5,17.5,11.9,69,3,16.30350255
402,13.8,18.2,11.6,68,1,18.41366526
403,15.5,23.4,10.5,77,1,25.4056356
404,15.1,19.7,12,67,3,18.90575114
405,12.9,16.6,11.4,61,2.6,15.17354589
406,14.2,19.8,11.4,65,1.2,20.10666661
407,16,22.9,10.9,70,0.8,24.49445995
408,17.2,22.9,11.4,51,1.8,22.78630653
409,16.4,24.6,9.6,57,0.9,25.81467321
410,19.1,26.2,12.5,49,0.7,27.41606128
411,21,28.8,16.5,55,1,30.94323838
412,20.6,26.1,17.4,79,1.4,28.86008959
413,19.7,27,15.7,76,0.9,30.19723359
414,19.3,26.1,14.8,69,1.2,28.31590103
415,19,25.3,15,67,1.1,27.20523035
416,19,22.5,15.7,73,0.9,24.08326882
417,19.9,26.5,15,75,0.7,29.58195732
418,21,27.4,17.2,80,1.1,30.90219692
419,19.9,23.6,17.9,82,1.2,25.82760599
420,20.9,28.1,17,79,1.1,31.79670279
421,21.4,26.5,17.8,77,0.9,29.59000952
422,21.4,27.1,18,79,1.2,30.35246407
423,20.4,26.6,17.9,77,2.1,28.94534763
424,21.4,28.9,17.4,73,1.4,32.24139552
425,18.3,23.9,14.4,70,2.3,24.80142003
426,17.5,22.3,13.9,69,0.7,23.74258496
427,22.2,30,16.6,67,1.1,33.45147963
428,17.8,20.3,16.2,72,1.8,20.66325422
429,18.6,22.4,15.1,74,1.5,23.61930286
430,19.3,24.1,16.3,75,1.5,25.87866478
431,19.9,25.3,17.1,74,1.3,27.52534397
432,20.1,27.5,16.4,76,1,30.81252198
433,20.7,25.6,15.9,68,2.3,26.87999021
434,15.9,19,13.4,76,1.4,19.48174407
435,14.6,16.6,13,83,1.1,16.97789031
436,15.2,18,13.8,84,1.4,18.56920349
437,19,26.2,13.6,78,0.8,29.31777102
438,21.6,27.7,17.3,73,0.7,31.05863806
439,23.7,30.3,17.8,69,0.7,34.29366518
440,24,28.2,21.2,79,0.7,32.1955823
441,25.2,30.3,22.2,77,1.3,34.59197419
442,25.6,32,22.3,69,1.9,35.88343668
443,25.5,34.7,20.7,68,1.2,40.10098562
444,23.1,28.9,21,79,1.1,32.9127294
445,22.6,26.9,19.8,77,1.2,29.93732989
446,22.3,28.2,19.3,67,1.6,30.69575967
447,18.9,23.6,15.6,76,1.6,25.21904946
448,20.2,26.2,16.6,71,1.9,28.12804798
449,17.5,20.2,15.7,82,1.4,21.27046337
450,19.2,23.3,15.7,83,1.2,25.4874113
451,20,23.9,18.2,83,1.2,26.28535518
452,21.3,26.8,16.1,66,1,29.15872039
453,22.7,29.4,17.6,67,0.9,32.76561043
454,24.4,31.7,19.1,65,0.8,35.80387621
455,26.1,31.3,21.8,71,1.2,35.53868206
456,26.9,32.9,23.4,72,1.9,37.45800077
457,26.7,32.7,23.1,75,2,37.40062547
458,27.2,33.8,21.7,69,1.9,38.44968399
459,27.4,33.4,23,67,1.6,37.86409796
460,27.4,33.8,22.8,66,1.3,38.52521947
461,27.6,33.3,23,68,1.5,37.88876677
462,23.8,29.5,19,69,2.5,32.02555447
463,19.1,23.9,16.6,66,2.6,24.3698246
464,20.9,27.1,16.3,72,1.5,29.65696725
465,20.1,22.9,17.7,76,1.7,24.24361366
466,17.1,18.2,15.8,85,1.3,18.92758158
467,20.1,26.5,16.2,80,1.3,29.53708781
468,21.6,26.5,18.4,54,2.2,27.15740927
469,19.7,25.2,14.4,42,1.3,25.34769497
470,21,28.3,12.4,53,1.2,30.01598534
471,24.8,30.3,20,60,1.3,33.12931755
472,24.6,31,18.8,66,0.9,34.8647283
473,27.2,34.1,22.8,72,1.6,39.39815776
474,27.6,32.4,25.3,71,1.7,36.77233459
475,28.1,32.8,25.4,62,2,36.25763211
476,22.8,26.3,20.2,75,1.6,28.72837641
477,23.3,28.5,20,68,1.7,31.10997878
478,24.1,30.5,19.9,71,1.3,34.35391906
479,24.5,28,22.2,76,1.7,31.041936
480,24.8,30.6,21.3,70,1.6,34.2107445
481,25.2,32.3,20.9,68,1.3,36.60057969
482,26.2,31.8,22,66,1.3,35.71090946
483,27.1,32.4,23.2,66,1.3,36.54773357
484,27.4,33.2,24.5,71,1.7,37.92022263
485,27.7,32.4,25,68,1.3,36.74157398
486,26.8,30.3,24.5,70,1.1,34.11970381
487,28,34.1,24.4,69,2,38.81840118
488,28.2,32.8,25.7,69,2.1,36.8864938
489,26.7,29.9,24.2,77,1.1,34.15601176
490,23.4,26,22.2,85,0.8,29.51688516
491,26.4,30.1,23,76,1.3,34.22355978
492,27.2,31.4,23.4,74,1.3,35.88925246
493,27.9,32,25.2,72,1.5,36.42771653
494,28.7,34.7,24.4,69,1.6,39.95117659
495,27.8,32.7,25.1,73,1.5,37.52848879
496,28.1,33.1,24.3,68,1.4,37.66864971
497,25.8,30.4,22.5,75,1.4,34.49587004
498,27.9,32.5,24.3,71,1.5,37.04515019
499,28.4,32.7,25.2,74,1.8,37.43205713
500,28.9,34,25.1,73,2.1,39.03261154
501,28.5,33.4,24.8,70,1.8,38.04162473
502,28.5,33.9,25.3,69,1.5,38.85406069
503,29.3,33.9,24.2,62,1.9,37.85621395
504,29.1,32.7,24.7,65,2,36.41494207
505,24.5,28.7,21.7,83,1.2,32.88155188
506,23.7,26,22.4,86,0.7,29.64890734
507,25.1,29.6,22.6,85,1,34.45973088
508,25.3,27.9,24.1,88,1,32.25872715
509,24.3,25.8,23.5,91,1,29.50937792
510,25.2,28,23.5,90,0.4,32.9418979
511,25.1,27.1,23.5,89,0.8,31.32745952
512,24.7,27.3,23.2,90,0.7,31.74769057
513,26.5,31,23.1,84,1.2,36.28147238
514,29.2,32.8,26.3,77,2,37.74447859
515,29.2,32.7,27.4,77,2.2,37.46776215
516,25.6,29,23.4,87,1.2,33.62683314
517,27.1,30.8,23.2,82,1,35.94130746
518,28.7,33.3,24.8,71,1.5,38.19458001
519,29.3,33.2,25.9,70,1.7,37.8188533
520,28.6,32.7,24.8,72,1.4,37.49492045
521,29.3,33.6,26.4,73,2.1,38.44615222
522,27.2,31.9,25.1,80,0.9,37.42911755
523,28.6,32.7,25.3,77,1.2,38.11776215
524,29,32.3,25.4,69,1.8,36.37195586
525,29.6,33.9,25.2,68,1.9,38.48865401
526,30.2,34,26.8,67,2,38.46164347
527,30.4,34.5,26.8,68,2.1,39.22547517
528,30.1,34.1,27.1,70,1.7,39.11998671
529,30.1,34.9,26.9,70,1.9,40.16012378
530,29.8,34.5,26.7,70,1.5,39.83343032
531,29.7,33.8,26,71,1.5,38.919327
532,30.2,34.1,26.5,68,1.8,38.84181566
533,30.6,34.7,27,67,2,39.47079466
534,30.4,34.7,27.3,65,2.1,39.18541273
535,30.5,35.2,26.7,67,1.5,40.52248068
536,30.4,35,26.7,67,1.1,40.49121203
537,30.3,34.3,26.8,67,1.2,39.41297816
538,28.4,33.7,25.8,75,0.9,39.58093689
539,27.8,34,25.6,83,0.9,40.87255833
540,29.8,34.8,25.4,74,1.7,40.58635105
541,30.6,35,26.8,69,2,40.13027807
542,31.1,34.8,27.8,68,2.2,39.5965388
543,31.3,35.5,27.8,66,2.4,40.26072267
544,30.8,34.5,28.4,69,2.2,39.26945274
545,30,33.2,27.9,72,2,37.82659196
546,30.7,34.6,27.4,66,2.3,39.02146571
547,30.6,35.1,27.6,67,2.4,39.79174679
548,31.1,35.5,28.1,66,2.2,40.39072267
549,30.2,34.2,27,67,1.5,39.07400811
550,29.7,33.6,26.3,71,1.8,38.43383298
551,29.8,33.3,26.3,73,1.5,38.3984555
552,29.8,34,27.8,77,1.2,40.04159026
553,28.9,33.1,26.9,79,1.3,38.84249011
554,27.8,31.3,26.3,83,1,36.76164241
555,29.6,33.7,26.9,73,1.7,38.85245857
556,27.3,29,25.5,76,2.7,31.77349792
557,28.9,32.1,26.2,72,2.6,35.85531603
558,29.6,32.6,27,70,2,36.76513949
559,29.9,34.7,26.8,71,1.4,40.30155852
560,29.4,33.5,24.5,74,1,39.11813302
561,29.3,32.5,26.5,75,1.2,37.63001781
562,30,33.9,26.2,70,1.2,39.15446737
563,30,33.9,27.2,71,1.3,39.19487405
564,30.1,33.5,27.3,71,1.4,38.54888438
565,27.4,32.7,24.5,82,1.1,38.67560385
566,28.4,31.5,24.9,71,2.2,35.17041643
567,30.4,35.6,25.7,55,2.6,39.00285516
568,27.5,29.6,25.3,70,2,32.56989602
569,29.5,34.7,25.9,65,1.6,39.51041273
570,29.2,34.5,24.3,64,1.8,38.98456486
571,29.7,34.6,26.2,69,2.2,39.41521416
572,30.1,34.5,26.8,66,2,39.07252001
573,28.3,33.8,25.3,69,1.6,38.64468399
574,26.9,33.3,23.1,75,1,38.92733099
575,27.6,33.3,23,73,1.1,38.6584555
576,28.7,33.6,24.8,71,1.3,38.75883298
577,29.3,33.5,26,68,1,38.49963575
578,29.2,33.4,25.8,66,1.2,38.02158904
579,29.7,34.1,26.3,65,1.1,38.97705909
580,29.6,33.6,26,63,1.1,38.05955603
581,29.6,34.4,25.5,65,1.2,39.34039058
582,29.3,33.4,26.9,67,1.3,38.05909796
583,30,33.8,26.1,64,1.6,38.12057646
584,29.4,34.2,26.7,69,2.6,38.57336656
585,25.8,28.1,24.3,81,5.2,29.28329021
586,25.9,28.5,23.8,84,1.3,32.61115026
587,29.1,35,23.8,70,1.6,40.50231108
588,29.7,34.3,25.1,70,1.6,39.47630554
589,29.7,34.5,25.9,72,2.1,39.66138547
590,29.5,33,27.5,69,2.2,37.10661201
591,27.4,31.8,24.8,76,1.6,36.45286543
592,26.6,28.8,24.9,81,1,32.99546016
593,26.1,29.1,23.9,80,1.1,33.27385184
594,26.3,31.9,24.3,82,0.8,37.68257049
595,27.9,32.1,24.3,80,1,37.65768447
596,28.5,33.3,25.3,77,1.1,39.06620649
597,29.3,33.7,25.5,74,1.1,39.34669773
598,30.2,35.5,25.3,72,0.9,41.92669746
599,30.7,34.8,27,72,1.3,40.62474697
600,29.2,31.9,28,75,2,36.24298521
601,28.4,30.9,26.4,79,1.2,35.68964541
602,29.4,32.9,25.6,72,1.4,37.78300077
603,26,29.5,24.5,86,0.5,34.7226476
604,25.6,28.9,24.1,88,0.6,33.95223022
605,25.6,30.1,24.1,84,1,35.09903976
606,24.6,28.1,23.4,85,1.5,31.99146503
607,24.2,25.8,22.9,89,0.8,29.50690808
608,24.7,26.5,23.2,89,0.4,30.74332269
609,26.2,31.8,23.3,84,0.7,37.78743022
610,26.9,32.4,23.8,80,0.8,38.22961644
611,28.1,33.2,24.2,74,0.7,38.87433063
612,28.8,33.6,25.2,72,1,39.0574926
613,28.6,32.7,25.9,72,1.3,37.55992045
614,29.4,33.4,25.6,71,2.1,37.94913366
615,25.7,28.5,24.3,88,0.8,33.24644313
616,27.6,32.7,23.9,74,1.2,37.82205713
617,28.1,32.9,25,68,1.3,37.4492785
618,27.2,32.2,23.5,64,1.5,35.94642671
619,27.2,31.9,24,70,1,36.42185286
620,27.7,32.1,24.8,69,1.3,36.41442786
621,27.7,32.4,24.2,71,1,37.22733459
622,28.7,33.3,24.3,67,1,38.11182902
623,28.6,33.8,25.2,70,1.2,39.0095055
624,28.6,33,25.8,73,1.7,37.83257502
625,28.3,32.9,25.4,67,1.5,37.21959794
626,27.3,32.6,23.6,63,1.5,36.40402554
627,27.3,33.3,22.9,66,1.1,37.94489127
628,28.1,32.1,25,67,1.1,36.35383575
629,28,31,25.9,67,1.1,34.82426964
630,28.1,32.5,24.3,71,1,37.37015019
631,28.5,33.1,24.5,71,1,38.23106073
632,28.5,32.2,25.4,74,1.1,37.16477463
633,29.3,33.3,26.3,71,1.1,38.45458001
634,28.4,32.9,26.1,65,2.4,36.4352368
635,26.8,30.7,25,64,3.1,32.84661845
636,26.2,28,23.7,82,3.8,30.12906253
637,26.5,30,24.2,81,2.9,33.46552015
638,28.5,33.7,24.4,76,1,39.62017605
639,28.6,32.9,25.1,77,1,38.5414036
640,28.2,31.8,25.6,75,1.6,36.35916984
641,28.7,33.5,25.4,75,1.3,39.0262159
642,28.6,33.3,25,76,1.1,38.96426874
643,28.5,32.7,25.8,75,1.1,37.98562547
644,28.2,31.8,25.8,76,1,36.84286543
645,27.7,32.2,25.3,73,1,37.13393984
646,26.8,29,25.2,75,1.4,32.53864926
647,26.1,30.6,23.7,75,1.5,34.71336911
648,25.5,29.1,23.1,67,1.6,31.90481341
649,23.7,26.4,21.3,67,1.8,28.18361968
650,24.3,28.4,21.1,68,1.1,31.36549762
651,24.8,29.9,21.5,62,1.4,32.69964583
652,24.2,30.1,20.3,64,1.3,33.20283982
653,24.2,29.7,19.9,65,1.6,32.55156304
654,25,30,20.8,66,1.3,33.23690531
655,25.3,31.3,21.4,62,1.3,34.6539618
656,24.9,29.4,21.4,68,1.2,32.65232104
657,26.1,30.7,22.6,72,0.7,35.11082076
658,26.7,30.1,24.8,77,0.6,34.76361978
659,26,28.3,24.6,77,0.8,32.11628059
660,26,30.1,23.5,74,1.3,34.05343979
661,26.4,30.6,23.4,72,1.9,34.19079435
662,27.1,31.2,23.7,72,1,35.61865112
663,26.8,31.4,24,72,1.1,35.83605645
664,26.1,29.4,24.1,75,0.8,33.48429526
665,26.3,30.8,24.1,74,1.3,35.03808234
666,26.2,30.3,22.6,74,0.9,34.59385831
667,25.9,30.6,23.3,75,1,35.03836911
668,25.6,30.3,21.5,69,1.7,33.64366518
669,24.7,30.2,21.7,70,1.6,33.65636663
670,23.7,26.3,22,73,1.1,28.91693971
671,23,27.1,20.9,70,2.2,29.05896816
672,24.5,29.5,20.5,70,1.1,33.01773642
673,25.9,30,22.6,74,1,34.10849989
674,25.9,30.8,22.8,77,0.8,35.62866676
675,26.4,30.9,23.3,77,0.9,35.70657843
676,26.8,32.6,23.5,74,1.1,37.74220461
677,26.5,31.8,22.7,73,0.7,36.75677864
678,26.2,31.1,23,72,1.6,35.08772278
679,24,28.9,20.9,68,1.9,31.51945062
680,24.5,29.8,20.4,69,0.9,33.47610407
681,25.7,30.7,21.7,72,0.8,35.04582076
682,25.5,28.4,23.5,75,0.9,32.03537237
683,25.6,30,21.9,72,1,33.93935125
684,26.2,32.2,21.7,69,0.8,36.88060067
685,25.7,30.7,21.6,70,0.9,34.80477018
686,26.6,32.9,22,68,0.8,37.7742785
687,26.2,32.3,22.1,73,1.1,37.21246055
688,25.4,30.6,22.1,76,1.1,35.06089403
689,24.9,29.1,21.1,75,0.8,33.0672986
690,23.8,26.5,22.3,82,0.6,30.13014001
691,24.7,30.1,20,75,0.7,34.52849979
692,24.8,29.6,20.9,74,1.6,33.16051865
693,23.9,28.4,21.5,69,2,30.85762258
694,23,28.6,19,67,2.3,30.77659027
695,17.8,21.8,14.8,55,3.3,20.69222332
696,17.4,22.3,13.9,54,1.6,22.35202301
697,20,26.4,14.1,65,0.7,28.76137731
698,22.3,27.7,17.5,69,1.3,30.37243872
699,23,28.4,18.7,70,1.4,31.32474755
700,23.2,28.6,19.2,72,1.1,31.94670895
701,23,28.1,19.3,74,1.1,31.41773426
702,20.9,25.2,17.7,66,1.9,26.49180638
703,20,25,17.1,69,1.3,26.81344883
704,21.1,26.6,16.6,74,1.3,29.25704837
705,19.4,22.7,17.9,76,2.4,23.52971337
706,19.8,23.6,17.1,72,1.8,24.85667843
707,21.5,27.1,18.4,70,1.2,29.70896816
708,21.5,25.1,19,78,0.8,27.84032578
709,19.9,22.8,17.6,81,1.5,24.52087896
710,20,25,15.6,71,1.5,26.80978068
711,20.7,26.6,17,76,0.9,29.65591454
712,21.4,27.3,16.6,76,1,30.53991648
713,21.7,27,17,75,1.3,29.86615157
714,19,23.1,17,73,2.5,23.81394662
715,15.6,18.8,12.9,64,3.4,17.41291188
716,13.1,15.8,11.1,57,3.2,13.69403274
717,15.5,21,11.5,63,1.1,21.55029545
718,17.1,23.8,11.3,72,0.4,26.02523838
719,18.2,21.6,13.6,76,1,23.02520299
720,20.4,23.3,18,79,1.1,25.32419871
721,21.8,26.8,18.3,82,1,30.28277381
722,22.5,28.1,18.2,76,0.6,31.89432167
723,22.8,29.4,19.8,77,0.8,33.64771647
724,18.9,20.7,16.7,80,2.1,21.35918553
725,18,20.6,16.1,78,1.1,21.78448851
726,17.9,20.7,16,82,2,21.52159017
727,17.8,23.8,15.6,70,2.6,24.47764843
728,18.2,23.5,14.9,69,1.1,25.00936348
729,17.6,21.8,15.3,75,1.6,22.83912272
730,18,23,15.3,69,2.2,23.65605731
731,18.6,24.6,13.7,75,1.1,26.79488581
732,19.6,22.5,15.5,79,0.7,24.5394279
733,19.6,21.2,18.3,90,0.6,23.47777341
734,21.7,25,19.2,87,0.5,28.47043548
735,22.5,27.3,19.9,83,0.6,31.30630352
736,19.8,23.7,17.5,83,1.7,25.69376455
737,19.3,24.2,17.4,73,1.9,25.62918212
738,17.6,22.1,16.2,77,2.2,22.93926049
739,18,24.2,14.9,73,1.6,25.82418212
740,18.7,23.7,14.7,80,1.1,25.90843571
741,17.3,19.6,15.4,87,1.4,20.73288316
742,17.9,22.2,14.9,76,2.2,23.01479408
743,15.3,17.2,13.6,79,2.1,16.9164386
744,16,20.5,13.3,74,1.6,21.13989434
745,15.8,17.7,14.5,84,0.9,18.51758173
746,18.6,24.7,14.1,79,1.1,27.1747482
747,17.5,18.8,15.7,89,1.4,19.79529933
748,16.3,20,13.7,70,1.9,20.1301753
749,16.3,20.5,13.8,74,1.6,21.13989434
750,16.5,20.1,13.8,75,1.4,20.81408595
751,17.5,22.2,15.9,82,1.7,23.6600673
752,16.8,20.6,15.4,81,1.7,21.5396996
753,11,15.4,7.7,82,4.1,13.51443316
754,5.8,7.8,5,70,3.4,4.681487675
755,8.7,14.8,4.4,61,2.5,13.11658075
756,13.3,21.2,6,69,0.9,22.22815961
757,16.5,21.6,13.6,79,0.8,23.30959258
758,16.5,18.6,15.5,91,0.9,19.94999238
759,17,17.8,16,92,1.1,18.83833756
760,17,19.2,15.5,88,1.5,20.199138
761,18.1,23.4,13.5,77,1.5,25.0806356
762,15.4,19.5,12.2,80,3.3,19.05284065
763,13.5,16.2,11.9,79,2.5,15.42631772
764,14.7,17,12.8,80,1.7,16.96823071
765,16,19.6,13.2,83,1.9,20.22586555
766,15.3,19.9,13,78,3.3,19.46690855
767,11.8,14.1,9.4,62,4,11.35512444
768,11.9,18.4,7.5,56,1.8,17.63069314
769,13.5,20.7,7.5,48,0.9,20.58071132
770,14.2,21.7,7.6,64,0.6,22.79180746
771,17.2,24.8,10,66,0.5,26.88661026
772,19.3,25.4,15.2,75,0.9,27.98234178
773,22.7,29.3,17.4,79,0.9,33.60508731
774,24.1,31.4,18.1,66,1.5,35.02646841
775,19.2,27.1,12,75,1.9,29.61146589
776,12.4,16.5,10.1,72,2.8,15.3370364
777,13.4,15.3,11.9,70,1,14.99077388
778,15.8,19.2,13.3,74,0.6,20.16270696
779,17.2,22.5,14.4,81,0.8,24.5831476
780,17.8,22,15.3,80,1.2,23.61868053
781,15.6,19.2,13.8,69,2.4,18.7707673
782,17.1,20.5,12.2,70,0.8,21.46746762
783,18.5,22.7,16.1,76,1.1,24.37471337
784,17,21.8,14.8,75,2.6,22.18912272
785,15.2,16.5,13.6,75,2.4,15.70941291
786,16.2,19.2,13.7,75,0.9,20.01209489
787,15.7,17.2,14.7,79,1.3,17.4364386
788,16,18.8,13.6,81,1.5,19.38393535
789,19,25.7,13.4,73,0.8,28.31463577
790,18.8,24.2,13.8,58,2.6,24.27085703
791,17.1,23.6,11.4,60,0.8,24.80956536
792,17.3,23.5,12.6,69,0.6,25.33436348
793,18.6,24.8,12.6,64,0.6,26.69677358
794,20.5,25.7,15.8,65,0.8,27.78788117
795,22.5,28.2,17.4,67,0.9,31.15075967
796,22.8,27.9,18.5,70,0.8,31.04021478
797,22.4,28,18.2,74,1,31.34622716
798,23.4,26.3,20.7,77,1.2,29.12481311
799,19.7,23.7,14.9,82,1.4,25.83032161
800,13.1,15.7,11.1,86,2.7,14.93433548
801,12.1,13.5,10.8,88,1.5,13.08317806
802,15.8,20.1,12.5,87,0.6,21.8972997
803,18.4,24.2,15.3,87,0.9,27.12228554
804,15.3,16.9,14.3,80,2.2,16.51971104
805,14.8,15.6,13.9,87,0.6,16.21118894
806,17,20.3,15,87,0.8,22.02601551
807,19.7,24.8,15.5,84,0.4,28.07514033
808,22.8,28.9,18.1,84,0.8,33.5046743
809,22.7,26.1,21.1,89,0.7,29.98927814
810,19.4,21.4,17.6,85,1.3,23.03224096
811,17.7,19.4,16.8,85,1.1,20.58116651
812,19.3,24.4,16.9,86,1,27.26737994
813,18.5,22.2,15,89,1.4,24.22871938
814,13.9,15.8,11.6,81,2.4,15.073836
815,12,13.4,11,84,1.9,12.57879322
816,15.5,21.7,10,59,1.8,21.75291625
817,15.4,20.6,11.4,62,2,20.42502933
818,16.5,24.2,9.4,54,0.9,25.13497034
819,19.1,25.4,11.6,55,0.6,26.88365064
820,21.7,27.9,16.7,61,0.7,30.43095859
821,23.4,28.1,19.3,72,0.8,31.46114685
822,23,26.6,20.6,77,0.7,29.85534763
823,24.1,28.3,21.1,76,1,31.90960162
824,24.9,28.5,21.8,78,1.4,32.08071095
825,24.6,29.6,21,78,0.9,33.94614127
826,24.8,29.7,22.1,76,1,33.85601217
827,25.7,32.4,20.4,73,1.4,37.161175
828,27.2,32.8,22.6,77,1.6,38.00447859
829,25.9,31.9,22.9,74,1.2,36.66875874
830,25.2,29.6,22.1,74,1.2,33.42051865
831,24.3,30,21.6,77,1.3,34.16722286
832,22.6,26.1,20.4,82,1.2,29.19234615
833,23.6,28.3,19.7,80,0.9,32.2813175
834,22.8,25.7,21,85,0.9,29.03976768
835,23.9,27.6,22.3,86,0.7,31.88026559
836,22.5,25.1,20.8,91,0.7,28.73138008
837,26.3,31.7,21,76,1.8,36.1787168
838,26.7,31.2,23,76,1.1,35.91590951
839,22.3,27.8,18.9,81,1.5,31.27008214
840,23,28.9,17.3,76,1.1,32.67456246
841,24.7,28.6,21.2,79,0.8,32.68787509
842,27.3,33.2,22.5,78,1.6,38.69480796
843,27.5,31.9,24.6,75,1.4,36.63298521
844,27.4,31.8,23.4,72,1.2,36.33808304
845,25.3,29.3,20.9,77,0.8,33.50760409
846,25.4,28.9,22.3,82,0.5,33.54089634
847,27.1,31.2,23.3,79,1.4,35.99260331
848,26.4,30.6,22,78,1.6,34.91094388
849,25.7,28.8,22.8,75,1.3,32.32687052
850,24.7,29.9,20.7,60,1.6,32.40146371
851,23.4,26.2,21.1,72,0.9,28.84586556
852,22.9,25.7,20.4,85,0.6,29.23476768
853,26.4,31.3,21.2,78,1.1,36.24124226
854,27.8,32.3,24.4,75,1.5,37.14521289
855,27.3,30.5,24.4,77,1,35.07108123
856,28.2,33.1,24.6,72,1.4,38.0718644
857,29.1,33.9,23.6,70,1.5,38.95946737
858,29.1,32.9,25.7,71,1.2,37.8133202
859,28.7,32.7,25.3,74,0.9,38.01705713
860,29.2,33.9,25.6,71,1.1,39.32487405
861,28.1,31.9,23.6,73,1.7,36.24953227
862,25.6,29.8,23.3,77,1.3,33.8849857
863,27.5,32.6,23.6,71,0.8,37.64315577
864,28.3,32,24.5,73,1.4,36.58747649
865,28.5,33.5,25.4,73,1.1,38.95005014
866,28.8,33.3,26,68,1.3,38.01876677
867,24.7,27.4,20.9,76,1.8,30.15613707
868,22.8,27.6,19.8,73,1.3,30.53321381
869,24.7,29.9,20.4,76,1.1,34.0719207
870,26.7,31.9,22.3,73,1.1,36.63953227
871,26.6,30.2,23.7,76,0.9,34.6246552
872,25.7,27.6,24.1,83,0.3,31.91940749
873,25.6,29.5,23.5,86,0.1,34.9826476
874,26.8,31.8,24.2,84,1,37.59243022
875,28.1,31.8,25,81,1.3,37.11634342
876,27.9,31.6,25.7,79,1.4,36.57268991
877,28.9,34.6,24.9,74,1,40.74312823
878,30.6,34.6,26.1,69,1.4,39.93521416
879,30.5,35.6,26.6,68,2.1,40.83322092
880,30.2,34.1,27.6,72,2.5,38.81315776
881,30,33.5,27.4,74,1.9,38.53313302
882,30.2,34.1,26.5,73,2,39.24474328
883,30.5,34.7,27.5,68,2.7,39.12598562
884,29.7,32.7,28,76,2.5,37.17419381
885,29.9,34.3,25.7,77,2.2,39.84073609
886,30.4,34.6,28,73,2.3,39.78854541
887,28.3,30.5,26.1,78,1.2,35.02810826
888,26.2,29.8,24.2,87,0.7,35.11108774
889,28.1,33.6,24.1,79,0.9,39.84810994
890,28.5,33,25,73,0.8,38.41757502
891,28.2,32.4,25.4,77,1.3,37.61385583
892,27.9,32.5,25.9,79,0.9,38.21488542
893,24.8,27.2,24.2,93,1.6,31.23648597
894,25.9,32,24.1,88,1.6,37.87887576
895,26.3,29.2,23.9,87,1.4,33.78542178
896,26.6,28.6,24.8,86,1.1,33.03904124
897,28.8,32.9,25.1,78,1.9,38.05608416
898,29.9,34.3,26.8,73,2.2,39.40963292
899,29.4,33.9,25.8,75,1.6,39.42150075
900,29.5,34.7,25.1,71,1.4,40.30155852
901,29.8,33.6,26.1,72,1.1,38.9924926
902,29.3,34.3,25.8,72,1.2,39.95185712
903,29.3,34.8,25.4,71,1.4,40.44894492
904,29.8,34.2,25.8,74,1.7,39.69426269
905,29.7,34.9,26.1,74,1.5,40.865788
906,28.8,34.4,25.4,76,1.3,40.46751822
907,29.8,34.8,25.2,75,1.5,40.82715309
908,30.5,34.3,27.6,71,1.2,39.84408133
909,30.7,35.5,26.4,68,1.2,41.2710476
910,29.8,34.7,26.9,74,1.1,40.82713141
911,29.7,35,25.1,76,1.1,41.49950917
912,28.7,34.3,25.9,79,0.7,41.03128768
913,29,34.2,25,79,0.9,40.75015881
914,27.9,34.7,23.5,83,1.1,41.8188501
915,27.8,34.4,23.8,83,1.3,41.22614489
916,28.3,34.6,24.1,79,0.9,41.35604229
917,29.6,34.8,24.9,75,1.4,40.89215309
918,29.9,35.2,26.4,76,1,41.86696316
919,29.8,33.4,26.7,74,1,38.97166043
920,28.1,31.8,26.3,79,1.3,36.92895223
921,27,31.2,25.9,85,1.4,36.5359909
922,28.7,32,26.3,76,1.8,36.61175634
923,28.6,32.4,26.2,74,1.9,36.93309521
924,29,33.6,25.7,70,2.4,37.94017336
925,30.5,34.9,26.4,66,2,39.64945957
926,30.4,35,26.7,71,2.1,40.2893441
927,30.6,34.7,26.9,68,2.2,39.45098562
928,30.5,34.6,27.5,71,2.2,39.63437978
929,30.3,34.1,27.2,72,1.8,39.26815776
930,28.7,32.7,26.6,73,1.5,37.52848879
931,27.7,34.5,24.3,78,1.2,40.90025093
932,28.7,33.5,24.2,75,1.2,39.0912159
933,29.4,33.7,25.6,74,1.3,39.21669773
934,29.9,34.4,26.4,71,1.2,39.99064202
935,30.1,35.1,26.6,69,1.3,40.73205266
936,30.5,34.9,27,63,1.3,39.77021141
937,30.1,34,27.4,68,1.1,39.15263815
938,30.4,34.5,27.1,65,1.3,39.41854244
939,30.5,35.4,26.7,68,1.7,40.79907963
940,30.5,35.6,26.7,70,1.5,41.45481565
941,29.1,36.2,24.9,74,1.1,43.08864459
942,29.4,34.6,24.8,76,1.3,40.76729385
943,31.2,35,27.1,71,1.3,40.8093441
944,29.5,35,25.5,80,1.2,41.88264124
945,28.1,34.4,25.5,82,0.9,41.37776965
946,29.2,33.7,24.9,75,1,39.51593689
947,29.9,34.1,26.6,71,0.9,39.74657223
948,29.7,33.9,26.3,73,1,39.6006874
949,30,34.6,26.7,74,1.1,40.67812823
950,30.1,34.4,26.7,75,1.3,40.35914298
951,30.2,35,27.1,73,1.2,41.09841013
952,29.8,34.8,26.9,75,1.1,41.08715309
953,28.1,33.7,25.6,81,0.8,40.27137184
954,27.8,31.3,25.5,88,0.9,37.28204255
955,26.1,28.2,24.6,93,0.8,33.19787536
956,26.8,30.6,24.3,89,0.7,36.45871801
957,29.1,34,25,77,1.1,40.10659026
958,29.3,33.2,26.8,77,1.3,38.78843862
959,27.9,31.8,25.9,83,0.7,37.69373462
960,27.6,34.9,24.6,82,1.1,42.01711643
961,27.7,33.9,24.2,84,0.8,40.89016084
962,27.5,33.9,24.6,83,1,40.65475417
963,28.5,34.3,23.9,76,1,40.5129603
964,28.6,32.7,24.8,80,1,38.54346717
965,29.9,33.6,26.4,78,1.1,39.61445032
966,30.3,33.7,27.4,74,1.5,39.08669773
967,30.4,34.2,28.1,76,1.4,40.10362114
968,30.2,33.4,27.6,74,1,38.97166043
969,30.1,34.3,27.4,73,1.1,40.12463292
970,30.2,34.6,26.4,71,1.3,40.21937978
971,28.4,32.1,26.4,78,1.6,37.07709236
972,28.6,33.2,25.8,65,1.4,37.50700663
973,27.4,30.6,25.4,73,1.1,34.79831927
974,28.3,32.1,25.4,67,1,36.41883575
975,29.2,33.6,25,65,1.9,37.74687526
976,28.3,31.7,26.4,76,1.5,36.3737168
977,27.6,29.4,26.2,85,0.8,34.3014013
978,28.7,32.7,25.4,82,1,38.74060385
979,29.2,34,26.2,77,1.1,40.10659026
980,27.6,32.2,25.9,82,1.3,37.80145297
981,26.8,29.5,24.4,78,2,33.09019201
982,27.1,31.2,24.7,79,1.2,36.12260331
983,27.3,30.7,24.9,83,0.9,35.94909893
984,27.6,32.7,24,84,0.9,39.00274053
985,29,34,25,75,0.9,40.0246009
986,28.8,33.1,25.6,74,1.9,37.94847175
987,28.8,31.7,26.5,76,2.1,35.9837168
988,28.4,35.9,24.9,73,1.2,42.44958278
989,26.1,30.3,23.9,88,0.4,36.12339907
990,28.4,33.8,23.7,72,1.4,39.08914851
991,26.5,28.4,25.1,88,0.7,33.16799692
992,27.4,31.5,24,77,1.9,35.91812767
993,27.5,31.1,24.9,68,1.6,34.72751596
994,27.4,32.5,23.5,66,1.5,36.55781567
995,28.1,32.9,24.1,70,1.4,37.58363963
996,28.3,32.9,24.8,74,1.1,38.1773619
997,28.7,33.3,25.1,72,1.1,38.55651775
998,28.3,32.8,24.8,72,1.2,37.76886309
999,28.5,33,25.1,73,1.6,37.89757502
1000,29,33.4,26.1,71,1.9,38.07913366
1001,26.8,28.4,25.2,85,5.3,29.94662202
1002,26.3,27.7,24.6,87,2.5,30.92533577
1003,27.6,32.3,24.9,84,0.8,38.46759844
1004,27.7,32.1,24.5,78,1.2,37.33709236
1005,27.7,31.8,24.8,81,1.2,37.18134342
1006,28.3,33.3,24.8,75,1.2,38.79733099
1007,28,32,25,77,1,37.22651629
1008,28,32.3,24.7,74,0.9,37.43883672
1009,28.5,32.2,25.5,76,0.9,37.48644422
1010,27.7,30.7,24.3,83,1.1,35.81909893
1011,26.7,28.9,25.4,86,0.6,33.79345226
1012,26,29.1,24.5,85,0.9,33.80540508
1013,25,27.9,23.2,81,2.1,31.01930567
1014,25.3,28.8,23.1,77,2.1,31.96473373
1015,26.6,31.1,23.2,80,1.8,35.67813642
1016,26.7,31.1,24.6,75,1.9,35.1628779
1017,26.5,31,23.7,74,1.5,35.191059
1018,26.9,31.4,23.3,74,1.5,35.75925246
1019,27.9,32.5,23.9,76,1.1,37.79248471
1020,28.1,32.8,24.4,75,0.7,38.39123239
1021,28.7,33.3,24.2,73,1,38.7234555
1022,28.7,31.6,25.8,73,0.9,36.34184004
1023,28.7,31.7,25.7,75,1.2,36.47554948
1024,28.7,33.4,25.4,76,0.9,39.24167828
1025,28.1,32.9,25.5,79,0.8,38.87076473
1026,28.6,32.8,25,79,1.7,38.13772478
1027,28.7,32.8,26,76,1.5,37.97035549
1028,28.5,32.7,25.4,74,0.8,38.08205713
1029,27.9,32.2,24.5,77,0.9,37.58227901
1030,28.1,32.3,25.5,78,0.9,37.82434141
1031,27.3,31.8,23.7,78,0.8,37.16025663
1032,27.6,32.7,23.5,77,1,38.24776215
1033,26.9,31.4,23.9,73,2.1,35.27765446
1034,25.7,30.8,23,66,1.9,33.93985723
1035,25.4,31.3,22.5,71,1.6,35.27868206
1036,24.5,29.1,21.7,65,2.6,31.09419212
1037,22.7,27.4,20.4,65,2.9,28.6407225
1038,23,28.6,20.7,65,1.8,30.9455428
1039,24.2,28.7,20.2,70,0.8,32.12135701
1040,24.5,28.9,20.1,73,1,32.50139552
1041,24.8,30.3,20.4,70,0.8,34.31470381
1042,25.5,31.1,21.1,67,1,35.02746425
1043,24.4,30.1,21,69,2,33.1731398
1044,22.1,26.9,19.9,65,2.4,28.30933043
1045,21.1,23.1,19.6,79,1.7,24.67216141
1046,22.2,25.8,19.3,79,0.8,28.84455886
1047,25,30.3,22.3,75,0.8,34.74489694
1048,24.7,30.3,20.4,78,0.8,35.00301281
1049,25,31.2,21.1,80,0.6,36.60316791
1050,25.2,32.1,21.3,75,1.1,37.11620419
1051,24.6,29.6,21.7,77,0.9,33.86348562
1052,24.8,30.4,20.5,78,0.6,35.27546484
1053,24.8,28.4,21.7,80,0.7,32.5509972
1054,25.8,32.5,20.8,70,0.9,37.33768329
1055,25.7,31,22.7,73,1.3,35.23151766
1056,23.4,25.1,21.4,86,1.5,27.89366688
1057,23.4,25.6,21.9,85,1.2,28.70773776
1058,20.8,22.3,19.4,90,1.9,24.09037168
1059,21.2,26.4,18.1,73,2.2,28.33534682
1060,22.9,28.1,18.9,76,0.9,31.69932167
1061,22.5,25.6,20.6,82,1.6,28.25137055
1062,19.7,21.6,18.2,81,2.3,22.43751897
1063,20.6,25.3,18.1,69,1.6,27.00883425
1064,21.7,25.9,16.8,74,0.7,28.71143773
1065,22.1,25.7,19.9,81,1.3,28.51639038
1066,21.5,25.1,19.1,77,2.5,26.67178314
1067,21.5,27,18.7,73,1.9,29.33398753
1068,22.1,27.7,18.7,79,1.4,31.04793708
1069,23.3,28.3,19.7,82,1,32.36967543
1070,23.4,28.8,20.1,79,1.2,32.70759695
1071,20.6,23.8,19.1,64,2.6,24.12487856
1072,20.7,23.7,18.4,72,1.2,25.37589214
1073,20.8,26.1,17.4,77,1.6,28.59525188
1074,21.7,27.4,18,75,1,30.60337211
1075,22,28.2,17.2,75,0.7,31.89064142
1076,21.9,27.2,17.9,73,0.6,30.44810189
1077,21.8,26.3,18.3,74,0.9,29.11515806
1078,22.2,29.7,16.6,65,0.9,33.00656304
1079,20.1,25.2,17.2,68,2.4,26.294649
1080,16.6,20.7,14.3,68,2.7,20.3847577
1081,15.7,18.5,13.7,62,2.3,17.67948437
1082,18.6,24.7,14.9,66,0.6,26.69313141
1083,19,25.8,13.8,74,0.8,28.51338424
1084,20.1,27.5,14.6,77,0.7,31.08071306
1085,22.9,30.3,17.1,75,0.6,34.87489694
1086,23.2,30.8,20,78,0.9,35.6521949
1087,22.4,28.4,19.1,76,1.9,31.46249734
1088,20.9,26.6,17.8,63,1.7,28.23328442
1089,21.4,25.8,18.8,65,1,27.78726994
1090,21.6,27,18.9,76,1,30.13223359
1091,20.4,24.2,18,82,1.1,26.69117718
1092,17.7,20.7,13.9,74,3.6,20.09197162
1093,14.4,15,13.3,84,1.9,14.52392425
1094,16.5,21.2,14.1,73,2.8,21.19403843
1095,18.3,24.8,13.6,72,0.7,27.13112028
1096,19.5,26.3,14.9,81,0.7,29.72268652
1097,20,25.9,15.7,84,0.7,29.3777131
1098,20.9,25.9,18,81,1,28.98283049
1099,21.1,26.3,17,80,0.7,29.65446817
1100,21,25.6,17.7,82,0.6,28.90137055
1101,20.8,26.1,18,84,0.8,29.58718387
1102,20.8,26.4,16.9,84,0.9,29.9351799
1103,21.7,26.9,18.9,81,0.7,30.54499638
1104,21.9,27.8,18.5,75,1.1,31.08318717
1105,19.9,25.6,16.2,71,1.6,27.53135742
1106,19.1,25.9,15.3,69,1.1,28.11830005
1107,19.8,26.7,14.9,73,1,29.51647794
1108,20.2,24.4,18,81,1.3,26.76764854
1109,18.2,20.3,15.4,80,2,20.91339357
1110,15.7,19.6,13.2,83,1.9,20.22586555
1111,15.9,18.9,14.7,79,1.7,19.29274379
1112,16.4,20.6,13.8,79,1.2,21.76789221
1113,18.4,24.2,14.2,80,1.1,26.57073383
1114,19.7,24.8,16.6,83,1.3,27.42772199
1115,20.6,27.3,17.9,78,1.3,30.48959849
1116,16.7,20.9,13.1,72,2.7,20.83091641
1117,15.4,22.8,12.8,67,2,23.42088754
1118,16.6,22.8,13.3,61,2.2,22.95874835
1119,16.7,23.1,12.9,63,1.2,24.0952553
1120,17.2,21.7,14.5,68,1.3,22.54392043
1121,16.8,23.2,14.3,73,2.1,24.2028475
1122,17.3,24.6,12.7,67,1.6,25.97645799
1123,17.3,24.4,12.3,74,1.2,26.4060246
1124,18.8,29,11.6,73,0.7,32.83395195
1125,21.2,27.9,15.7,69,1.1,30.77029743
1126,20.7,28.3,16.6,69,1.9,30.78784884
1127,18.5,24.6,14.6,71,1.6,26.2231719
1128,18.9,22.9,16.3,72,2.3,23.63084452
1129,17.8,22.6,15.6,69,2,23.27763202
1130,18.9,24.4,15,74,1.2,26.4060246
1131,19.6,24.2,17.4,78,0.7,26.71029049
1132,19.7,25.2,16.9,77,1.2,27.64994078
1133,19.6,26.6,15.7,67,1.7,28.51101677
1134,18.9,24.4,15,65,0.9,26.05250809
1135,18.6,24.3,15.8,73,1.4,26.08456123
1136,13.5,16.7,11.7,68,3.2,15.16774586
1137,13.1,17.3,9.9,56,2.3,16.00370992
1138,14,19.1,11.9,54,2,18.2460797
1139,15.7,21.6,10.4,59,1,22.15032864
1140,17.6,24.9,11.8,62,0.9,26.50405197
1141,18.2,25.3,12.2,63,1,27.01302257
1142,17.4,24.9,12.7,71,1,27.00417242
1143,18.8,26.8,13.1,65,0.7,29.28346705
1144,20.3,28.2,13.9,62,0.9,30.76958357
1145,19.8,25.8,16.6,74,1.7,27.92838424
1146,19.9,27.9,14.6,74,0.8,31.3398842
1147,22.7,29.8,16.9,70,0.9,33.55971427
1148,22.1,28.1,18.7,72,1.5,31.00614685
1149,20.8,25.3,17.9,86,0.8,28.62196732
1150,19.7,27.1,14.2,81,2.1,29.91046316
1151,13.9,15.5,12,81,2.1,14.90168997
1152,14.4,15.9,13,86,1.8,15.76669808
1153,14.6,18.4,13.1,79,2.5,18.1469064
1154,16.2,19.8,14.1,71,1.2,20.38309737
1155,17.9,23.4,13.8,72,1.2,24.98864628
1156,18.9,22.8,15.9,67,1.3,23.87588754
1157,17.9,23.1,14.1,56,2.1,23.11567138
1158,17.7,22.8,12.9,63,0.9,23.91446141
1159,20.8,26.4,16.7,65,0.8,28.69637731
1160,22.4,28,16.8,68,0.9,30.95910063
1161,18.9,22.9,15.8,77,2.2,23.97430594
1162,15.7,17.7,14,75,1.5,17.76387654
1163,15,16.2,13.9,85,0.9,16.68682286
1164,19,23.4,15.2,76,0.6,25.60823774
1165,20.5,27,18.5,80,1,30.41656167
1166,21.5,27,18.1,77,1.4,29.94331561
1167,22.3,28.3,19.2,79,1.1,32.07463853
1168,23.7,29.5,18.9,73,1.4,33.06928226
1169,16.6,19.4,15.2,75,2.7,19.09173516
1170,18,22.9,15,69,1.2,24.17876766
1171,18,20.5,15.9,81,1.1,21.8016411
1172,19.8,25.5,16.7,79,1.2,28.18046299
1173,21.9,27.8,17.8,77,1,31.29715216
1174,22.2,26.9,19.8,78,1.3,29.94299651
1175,23.6,28.6,18.2,76,0.9,32.38880389
1176,23.4,29.7,19.3,72,1.7,33.06848521
1177,21.7,28.1,18.4,73,1.6,31.01694056
1178,22.4,30.2,17.8,69,1.7,33.50581854
1179,22.8,30.2,17.8,68,1.1,33.81027044
1180,19.6,25.7,15.5,78,2.6,27.4738574
1181,14.9,16.1,13.5,84,1.5,16.13646861
1182,19.7,26.9,13.3,67,0.9,29.42566367
1183,20.6,26.7,14.9,65,1.1,28.89274063
1184,22.2,29.1,17.7,60,1.1,31.66763888
1185,23,28.7,18.2,69,0.9,31.97788048
1186,21.5,29.3,14.9,73,2,32.40263764
1187,17.8,22.7,13.8,61,2.4,22.70437521
1188,18.6,25.4,11.9,47,1.4,25.84617418
1189,19.9,26.5,14.2,57,1,28.14448757
1190,21,26.3,15.5,56,1.1,27.75722772
1191,22.6,28.4,18,59,1.2,30.60637293
1192,23.3,29.2,19.1,69,0.8,32.72147244
1193,23.7,27.2,21.9,80,0.9,30.75653631
1194,25.4,31.6,20.6,74,1.2,36.23948168
1195,26.4,32.1,22.1,76,1.9,36.69150025
1196,28.3,33.7,24.7,63,2.7,37.16006698
1197,25.3,27.6,19.3,80,1.5,30.91854939
1198,19.2,21.8,16.1,87,1.7,23.39926235
1199,18.4,21.5,15.8,92,0.7,23.91078425
1200,23.1,28.2,18.9,82,0.6,32.48928795
1201,25,30.6,20.4,77,0.7,35.40841896
1202,26.2,31.1,22.8,75,1.1,35.6828779
1203,27,32.4,22.7,76,1.6,37.32193562
1204,27.3,31.4,24.5,78,2,35.80064449
1205,27.4,32.9,24.2,76,1.5,38.11672303
1206,26.5,29.3,23.6,76,1.4,33.03636247
1207,26,31.7,21.8,77,2,36.14188413
1208,19.4,21.9,17.4,84,1.9,23.24372465
1209,21.2,24.7,17.7,80,1,27.30179564
1210,22.8,27.2,19.1,80,0.6,30.95153631
1211,24.2,27.7,21.9,83,0.8,31.73413643
1212,25.6,30.6,22,79,0.9,35.4534688
1213,18.8,22.3,15.4,89,1.9,24.03666755
1214,20.2,26.4,15.5,64,1.8,27.97775612
1215,22,28.2,16.7,63,1,30.78081879
1216,23,29.2,17.3,62,0.9,32.0910477
1217,24.5,30.3,18.9,62,0.9,33.5613948
1218,25.5,30.3,21.9,72,0.8,34.48678106
1219,26.7,31.5,23.7,74,0.9,36.29177205
1220,27.3,32.4,23.2,73,1.1,37.356175
1221,27.3,31.8,24.1,72,0.9,36.53308304
1222,27,31.9,23.2,73,1.2,36.57453227
1223,26.9,32.4,22.2,73,1.2,37.291175
1224,28,32.2,24.8,71,1.6,36.55227026
1225,27.9,32.2,24.9,72,1.6,36.64810505
1226,27.9,33.3,22.8,69,0.9,38.38070451
1227,28.4,33.4,25.2,69,1,38.45911581
1228,28.5,33.4,24.6,71,1.4,38.40413366
1229,27.7,30.6,25.7,73,1.2,34.73331927
1230,28.2,34.9,24.3,65,1,40.18804351
1231,27.3,32.5,23.9,73,1.3,37.370084
1232,22.6,24.8,20.3,90,1.4,27.79965035
1233,24.8,29.3,20.7,75,1.2,33.08512086
1234,26.7,31.7,22.9,74,1,36.51238215
1235,25.2,29.8,21.8,80,1,34.33081631
1236,24.2,27.6,21.8,86,1.1,31.62026559
1237,26.8,31.9,22,78,0.9,37.24066461
1238,28,32.5,24.9,74,1.3,37.4675509
1239,28.2,32,25,75,1.9,36.45199639
1240,27.6,30.6,24.6,82,1.6,35.26104356
1241,25.4,30.6,22.7,81,1.3,35.36851864
1242,25.6,29.8,22.9,69,1.3,33.21610407
1243,26,28.7,23.3,79,0.8,32.82764577
1244,27,31,23.8,76,0.9,35.76014168
1245,28.3,33.2,24.4,74,1.1,38.61433063
1246,25.7,29.4,23.8,89,0.9,34.56324371
1247,27.3,32,23.7,84,1.5,37.56483596
1248,26.8,28.7,25.8,86,2,32.59698147
1249,26.7,29.3,23,91,2.5,33.53998665
1250,25.2,27.8,23.1,95,1,32.63783708
1251,25.7,29.3,24.2,93,0.7,34.87246987
1252,27.3,31,24.2,88,0.8,36.89963773
1253,28.7,33.7,24.9,77,1.3,39.5294152
1254,29.5,34.5,25.2,74,1.2,40.46434062
1255,29.2,33,25.8,75,1,38.48805653
1256,29.4,32.9,25.9,72,1.1,37.97800077
1257,29.4,33.7,26.1,77,1.2,39.5944152
1258,28.6,34.8,24.4,81,1.4,41.55696534
1259,27.7,34,23.4,82,1.3,40.50656365
1260,28.7,35.9,24.8,77,1.8,42.53046403
1261,25.3,28.6,24.1,90,1.4,33.15613618
1262,24.1,25.4,22.9,94,0.8,29.27634836
1263,25.1,29.8,23.4,93,0.9,35.48274896
1264,24.9,26.8,23,95,0.8,31.32606722
1265,24,25.9,22.8,96,0.7,30.17724354
1266,25.9,29.6,22.5,87,0.9,34.69004219
1267,28.5,32.5,24.9,71,1.9,36.78515019
1268,29.5,34,25.9,71,1.9,38.95062218
1269,29.5,33.8,25.4,74,1.9,38.97379153
1270,29.4,33.8,25.9,77,1.7,39.41825605
1271,29.4,34.1,25.6,73,2.1,39.17974328
1272,29.9,33.4,27.4,70,2.4,37.65162473
1273,30.2,34.3,27.6,70,2.4,38.95630554
1274,29.8,33.2,26.9,75,1.7,38.32569996
1275,30.2,34.7,27.3,73,1.3,40.58694045
1276,29.2,33.5,26,73,1.2,38.88505014
1277,28.1,34.5,24.3,75,1.1,40.6383182
1278,27.5,34.6,24.2,81,1,41.51020792
1279,27.3,33.5,24.1,82,1,39.94279605
1280,28.4,34.4,24.2,77,1.4,40.51089346
1281,27.1,34.4,24,85,0.8,41.76789537
1282,28.9,34,23.6,75,1.3,39.7646009
1283,27.4,33.7,25,83,0.8,40.47985015
1284,26.6,33.8,23.7,84,0.9,40.6720066
1285,26.7,32.9,23.4,84,0.8,39.36916756
1286,28.6,33.7,24,80,1,40.03713268
1287,28.8,34,25.5,80,1.4,40.22957429
1288,29.5,34.2,25.4,75,1.3,40.06144191
1289,29.5,33.9,26.1,72,1,39.49528072
1290,29.7,34,25.4,71,1,39.53562218
1291,29,33.4,25.7,78,1,39.38169613
1292,29.6,33.9,25.4,73,1.6,39.2106874
1293,29,34,25.3,74,1.3,39.65860622
1294,28.6,31.4,25.7,79,0.6,36.8022425
1295,30.3,35.1,26.5,75,1,41.60297029
1296,29,33.4,24.7,75,1,39.07416936
1297,29.4,34,24.4,73,1.2,39.61761154
1298,30,33.8,26.2,71,1.3,39.049327
1299,30.2,34.1,26.9,72,1.1,39.72315776
1300,30.6,34.3,27.5,71,1.2,39.84408133
1301,30,33.9,27.7,74,1.3,39.51109408
1302,29.2,35,25.9,74,1.1,41.27544314
1303,28.7,33.9,26,77,0.9,40.08731411
1304,29.4,34.1,25.2,74,1.3,39.80632881
1305,30.1,33,27,75,0.8,38.61805653
1306,28.1,30.2,25.8,85,1.6,34.93958806
1307,28.2,31.6,24.7,83,2.4,36.29325648
1308,25.2,28.4,23.5,91,1.8,32.68437181
1309,27.8,30.5,24.6,80,1.3,35.13716232
1310,28.4,32.4,25.4,80,1.3,37.90461644
1311,28.8,34.8,25.7,82,0.9,41.99276738
1312,28.3,33.1,24.9,83,1.2,39.3107048
1313,29.6,33,26.2,78,1.6,38.39877879
1314,30.2,33.8,27.3,75,2.2,38.88361303
1315,30.6,34.6,28.1,74,2.2,39.96312823
1316,30.2,33.7,27.8,74,2.3,38.56669773
1317,30.4,34.4,27.7,70,2.4,39.10226678
1318,29,32.6,25.6,79,2.2,37.517286
1319,29.9,33.2,27.3,76,1.9,38.29706929
1320,30,33.5,28,78,1.9,38.94546453
1321,29.7,33.3,27.4,78,2.1,38.51814423
1322,29.7,33.7,26.9,73,2,38.65745857
1323,29.7,32.7,26.4,74,1.7,37.49705713
1324,29.7,32.9,26.9,73,1.7,37.68768133
1325,29.6,33.9,25.6,69,0.9,39.24406069
1326,29.8,33.9,26.2,71,1.1,39.32487405
1327,29.8,34.2,25.7,68,0.9,39.57118733
1328,29.9,34.3,25.7,69,1,39.75852974
1329,30.8,35.6,26.4,71,0.9,41.96061302
1330,28.9,32.5,26.4,84,0.8,38.76721994
1331,27.6,33,25.7,88,0.6,40.05118633
1332,27.6,32.7,24.6,86,0.9,39.19987721
1333,27.7,31.5,24.3,87,1,37.42431309
1334,29.3,33.9,25.7,80,0.8,40.46853414
1335,28.4,33.8,24.4,82,1.2,40.26736358
1336,28.7,33.6,23.7,81,1.5,39.66542918
1337,30.5,34.4,27.2,74,1.3,40.25076774
1338,30.8,34.8,27.5,72,1.2,40.68974697
1339,29.7,31.6,28.3,76,0.9,36.61976497
1340,28.3,29.9,27.1,81,0.8,34.68737601
1341,27.3,33.2,24.6,84,0.9,39.75802395
1342,27.3,32.5,24.5,87,0.7,39.12462066
1343,28.9,34.4,25.1,80,1,41.09601918
1344,29.2,33.7,25.6,80,1.3,39.84213268
1345,29.6,33.4,27.1,80,1.3,39.39171398
1346,29.2,32.9,26.8,78,1.4,38.38108416
1347,28.9,31.9,26.4,80,1.3,37.16911755
1348,29.1,32.1,27.5,79,0.9,37.62738842
1349,29.1,32.6,26.3,76,0.9,38.06823716
1350,29.1,33.5,24.5,71,0.9,38.87388438
1351,29.2,33,25.4,76,0.6,38.84829729
1352,28.6,32.3,26.9,74,2.1,36.65883672
1353,28.9,33,25.9,66,2.1,36.87088975
1354,29.2,34,25.1,65,0.9,38.96465411
1355,29.4,35.1,25.1,68,0.9,40.87939973
1356,29.2,34.8,24.7,64,1,39.93333064
1357,29,34.5,25.2,66,1,39.72252001
1358,29.3,33.9,26.2,66,1,38.86284066
1359,29.8,34.7,25.6,65,1.1,39.83541273
1360,30.2,34.3,26.6,65,0.8,39.45742657
1361,30.4,34.8,26.4,70,1.1,40.53314288
1362,30.3,35,26.9,74,1,41.34044314
1363,30.7,35.1,27.5,71,1.1,41.08735854
1364,29.8,33.7,26.5,74,1,39.41169773
1365,29.8,34,26.4,74,1.2,39.72360622
1366,30.1,35.5,26.6,73,1.2,41.84685992
1367,29.8,33.6,26.6,74,1.2,39.13481184
1368,29.3,35,26.2,74,1.2,41.21044314
1369,29.6,34.8,25.3,70,1.3,40.40314288
1370,30.2,35.8,26.1,72,0.9,42.37649202
1371,30.2,34.9,27.4,75,1,41.30220405
1372,29.9,34.6,27.6,76,1.4,40.70229385
1373,28.1,30.1,25.7,78,1,34.58867978
1374,29,34.6,25.1,75,0.9,40.91771104
1375,29.7,33.5,26,76,0.7,39.51929878
1376,30.3,34.8,26.7,73,0.9,40.99554901
1377,30.8,38.3,26.2,71,1.3,45.80995546
1378,30,33.6,26.7,72,0.9,39.1224926
1379,29.6,34.5,25.1,72,0.8,40.50638547
1380,30.3,34.4,26.6,72,0.8,40.35901726
1381,29.1,33.3,26.5,69,1.3,38.12070451
1382,27.5,31.7,24.7,72,2.4,35.4160475
1383,25.6,30,24.5,94,1,35.79998635
1384,24.9,26,24.1,98,0.2,30.77817348
1385,27.4,31.8,23.7,88,1,37.96721261
1386,27.7,30.8,25.8,80,2.2,34.98425118
1387,27,30.8,25,75,2.7,34.21661048
1388,26.2,30.3,24.2,75,2.7,33.50989694
1389,25.5,30.5,23.3,72,3.3,33.14094609
1390,23.3,26.7,22,66,4.2,26.9475828
1391,22.7,27.6,19.6,55,2.7,28.2980652
1392,22.9,28.4,18.3,57,1.8,30.062123
1393,23.9,29.1,20.1,63,1.7,31.51857082
1394,23.8,29.4,19.4,65,1.4,32.27718923
1395,23.5,29.1,19.2,65,1.7,31.67919212
1396,23.3,28.3,19.8,64,2.6,29.949454
1397,22.8,27.4,19.6,69,2.4,29.25678234
1398,22.7,28.6,18.6,60,2.1,30.36042412
1399,22.1,26.3,19.1,59,2.3,27.18188278
1400,22.6,28.4,17.6,64,1,31.12199776
1401,23.4,28.9,18.3,72,0.9,32.48700654
1402,24.5,30.2,20.7,79,1.2,34.68629949
1403,23.9,26.5,21.9,80,2.8,28.56208781
1404,22.8,27.2,20.2,65,2.8,28.44274826
1405,22.8,28.1,19,70,0.8,31.30955944
1406,24.1,28,21,80,0.9,31.86335369
1407,25.6,30.3,22.1,82,1.3,35.02216732
1408,25.2,31.1,22.8,76,2,35.1879296
1409,25.9,30.8,22.8,75,0.7,35.51661048
1410,25.3,29.4,22.6,83,1,34.00798009
1411,24.3,26.9,21.5,80,1.6,29.88932976
1412,22.5,25.4,20.4,87,1.1,28.62855646
1413,23.2,26.2,21.4,87,1.1,29.73312921
1414,24.5,29.2,22.3,85,1.2,33.75387185
1415,24.5,29.2,21,81,1,33.560772
1416,25,31.2,21.3,83,0.8,36.7448617
1417,26,30.9,22.5,81,0.8,36.12771238
1418,23.8,28,19.8,76,2.5,30.521936
1419,21.1,25.2,18.3,74,1.3,27.39317686
1420,21.2,25.7,19.1,84,2,28.25892335
1421,23.1,29.5,19.8,82,1.2,33.9389198
1422,21.7,26.2,18.9,84,2.6,28.55467648
1423,19.3,23.4,17.4,73,2.8,24.00604414
1424,19.6,22.2,18,70,2,22.82452086
1425,20.1,23.3,18.5,80,1.7,24.99125185
1426,21.9,27.6,19.6,80,1.8,30.72354939
1427,23.1,29.1,19.9,78,1.2,33.04823054
1428,24.2,31.3,20.4,83,0.8,36.89164241
1429,23.8,28.9,21.1,85,1.4,33.19406328
1430,23.4,27.3,21.6,81,2.4,29.99162151
1431,22.1,26.4,20.1,71,2.6,27.93810444
1432,21.7,26.9,19.4,77,1.6,29.67732989
1433,22.1,26.5,19.4,78,2.1,28.87903562
1434,20.7,24.9,18.3,69,2.9,25.6435901
1435,18.1,22.1,14.7,66,2.7,22.03065184
1436,17,21.1,13.8,79,0.8,22.66712424
1437,17.8,22.2,15.8,89,1.7,24.03371938
1438,15.2,16.8,12.8,76,2.9,15.78858438
1439,14.5,17.9,12.5,92,0.7,19.22592943
1440,17.3,23.2,11.8,84,1.1,25.47666014
1441,18.4,24.4,14,70,1.7,25.83723948
1442,18,19.6,16.9,80,0.9,20.73935233
1443,19.5,24.6,16.1,80,0.9,27.2332782
1444,20,26.3,15.4,79,0.9,29.45624982
1445,20.2,25.6,16,84,0.9,28.83728202
1446,18,22.1,14.2,83,3.3,22.54259247
1447,15.1,17.2,13.8,72,2.5,16.38233644
1448,16.8,20.3,14.8,74,2.5,20.30328905
1449,16.3,20,14.8,77,3,19.74169283
1450,17.2,22.5,14,65,2.8,22.41339005
1451,17,22.9,13.2,61,1.5,23.53822938
1452,17.5,25.1,11.7,74,0.5,27.78115523
1453,18.4,25.7,13.7,81,0.7,28.90639038
1454,19.5,26.1,14.9,77,1.8,28.46525188
1455,18.7,23.5,16.3,59,2.2,23.7169195
1456,19.8,25,16.3,67,0.9,26.94711698
1457,20,25.5,15.8,73,0.6,28.18004807
1458,20.6,25.7,16.5,73,0.8,28.31463577
1459,19.9,24.7,17.6,81,1.8,26.84384309
1460,19.9,27.1,16.4,80,1.2,30.42396362
1461,17.5,21.1,15.3,75,2.6,21.29747238
1462,18.1,25.4,14.2,71,1.3,27.46360355
1463,18.9,26.6,13.6,79,0.8,29.9292138
1464,18.9,25.7,14.7,82,0.8,28.9072347
1465,18.7,22.4,17.1,90,0.9,24.87380077
1466,18.4,21.5,17.2,90,1.4,23.3534846
1467,18,20.5,16.9,93,0.7,22.63892127
1468,18.1,19.7,16.8,95,0.8,21.61779639
1469,18.6,21.7,14.8,97,1,24.24048943
1470,11.9,15.5,10.7,93,2.4,15.12842182
1471,12.8,17.7,9.8,62,2.3,16.71852461
1472,12.7,18.6,9.7,60,2.5,17.58448948
1473,12,17.9,8.4,56,2.8,16.38769618
1474,12.3,19.9,6.1,67,0.7,20.64697273
1475,14.6,22.6,8,75,0.8,24.38577394
1476,16.5,23.6,10.7,83,0.8,26.14569875
1477,19.5,25.8,13.7,69,0.5,28.37720963
1478,21.4,26.1,17.6,75,0.7,29.04541417
1479,21.2,27.2,18.7,84,0.9,31.04421313
1480,20.7,23.2,18.5,86,1.4,25.39508062
1481,20.5,24.9,18.3,86,1.1,27.88103984
1482,20.5,25.2,18.1,88,1.1,28.41807518
1483,19.7,25,17.1,85,1.2,27.88910363
1484,19,24.1,16,77,1.3,26.12838917
1485,19.4,25.5,15.5,73,1.1,27.85504807
1486,18.5,24.7,14.8,78,1.4,26.91770075
1487,17.9,22.2,14.8,76,2.8,22.62479408
1488,17.4,21.2,14.5,78,1,22.61513695
1489,17.1,21.7,14.6,88,1.9,23.18948526
1490,13.4,15.2,11.6,86,2.6,14.38283917
1491,13.8,16.6,11.5,90,1.3,17.11177262
1492,15.4,20.3,12.5,92,1.8,21.61360261
1493,12.9,15.9,10.3,86,2.6,15.24669808
1494,13.7,17.6,12.1,84,2.5,17.35227731
1495,10.9,12.6,8.5,85,2.8,11.05968228
1496,9.9,11.9,8.4,84,2.4,10.45257504
1497,8.7,9.5,7.9,79,2.6,7.363186942
1498,11.2,15.8,8.8,67,2.1,14.7672841
1499,11.7,13.6,9.2,86,0.5,13.79273198
1500,13.8,16.9,11.4,89,1.1,17.58050353
1501,15.9,20.7,13.7,93,1,22.70731568
1502,17.2,21.6,14.2,90,1.6,23.35568775
1503,14.2,17.9,12.1,83,2.9,17.42762112
1504,14.7,20.4,11.9,67,1.9,20.48435417
1505,16.1,22.1,10.1,68,1,23.24176251
1506,18,25.9,12.5,73,0.7,28.64481019
1507,21,30.4,13.9,67,0.8,34.19361723
1508,22.1,28.7,17,74,1.1,32.24026312
1509,19.5,24.3,16.8,76,1.6,26.13631032
1510,20.6,27.4,15.6,72,1,30.38507723
1511,21.8,30.5,16.1,68,0.6,34.54783797
1512,20.3,26.3,16,76,0.9,29.25159476
1513,18.7,22.4,16.3,79,2,23.56445845
1514,15.2,19.5,12.8,89,1.9,20.36984773
1515,17.8,23.9,13.8,80,1.3,26.0429086
1516,19.8,25.8,17,80,0.9,28.84579378
1517,18.6,24.9,15.9,85,1.7,27.42824867
1518,18.7,24.5,14.7,75,1.6,26.33835684
1519,18.7,22,16.2,82,0.8,23.98414754
1520,19.5,24.2,16.4,88,0.5,27.44250721
1521,21.1,28.5,14.8,82,0.7,32.84600382
1522,22.7,29.4,18.6,80,0.8,33.89284828
1523,25,30.6,20.8,78,1.2,35.17094388
1524,25.2,29,22.1,81,0.9,33.3427412
1525,25.2,31.9,19.1,78,1.4,36.91566461
1526,20.2,24.1,17.4,74,1.9,25.55880258
1527,20.1,26.7,17.9,78,1.5,29.54068876
1528,14.8,19.2,11.1,87,2.8,19.30975007
1529,14.6,19.1,11.3,64,2.3,18.49220557
1530,16.8,24,10.9,65,1,25.47779865
1531,17.7,25.1,11.7,69,0.8,27.26844203
1532,18.6,25.5,12.7,73,0.7,28.11504807
1533,19.7,26.6,14.2,68,0.8,29.16544985
1534,21.8,26.8,17,62,0.6,29.13770703
1535,21.4,27.7,17.7,78,0.7,31.42888725
1536,21.9,27.5,18.5,83,1.5,30.99985954
1537,21.4,26.7,18,78,1.4,29.60568876
1538,21.7,27.2,18.1,82,0.8,30.96537472
1539,23.5,29.2,18,75,1.1,33.01112222
1540,21,24.5,17.1,83,1.6,26.82884823
1541,17,20.9,14.2,66,2.7,20.53509004
1542,17.5,24.3,12.4,56,1.3,25.11964971
1543,19.4,26.4,13.2,53,1.3,27.54792303
1544,19.6,27,13.6,59,0.8,29.05383923
1545,21.2,27.2,15.9,61,0.8,29.45507144
1546,21.2,26.7,16.8,72,1.1,29.38163578
1547,21.3,26.9,16.9,74,1.3,29.66033002
1548,22.2,28.3,16.8,76,1.1,31.84460162
1549,22.9,28,18.5,77,0.8,31.70229042
1550,23.7,29.5,18.4,68,1,32.91837252
1551,24.1,29.5,19.7,69,0.9,33.06555447
1552,24.3,28.6,20.8,71,0.8,32.06368521
1553,23.9,28.7,20.5,71,0.9,32.13483354
1554,23.6,28.2,20.4,71,0.8,31.52070055
1555,24.2,29.3,19.7,71,0.8,33.02015442
1556,25.1,30.8,21.3,69,1,34.79044164
1557,22.2,29.5,16.6,68,2.3,32.07337252
1558,17.1,18.4,16.1,56,1.9,17.56569314
1559,20.1,26.8,14.7,57,1.1,28.46144033
1560,20.8,28.4,15.1,66,0.9,31.34124769
1561,23.3,30.3,16.2,60,0.9,33.38931755
1562,26,32.5,20.2,69,1.1,37.11021638
1563,26.5,30.2,23.9,74,1.3,34.19355901
1564,26.9,32.4,22.3,74,1.1,37.45309521
1565,27.9,32.2,25.2,77,1.5,37.19227901
1566,23.6,27.7,18.5,75,2.2,30.23173774
1567,21.3,27.9,16.8,76,1.4,31.0997189
1568,19.8,24.5,17.1,82,1.5,26.83253681
1569,22.6,28.5,17.3,73,0.9,32.01784487
1570,24.5,28.7,20.7,74,0.8,32.43526312
1571,25.1,30.3,21.3,73,0.7,34.63781969
1572,25.6,30.9,21.9,75,0.9,35.52851146
1573,26.7,32.2,22.7,70,0.6,37.10643546
1574,27,33.4,23.1,70,1.1,38.49662473
1575,25.9,29.1,23.8,75,1.1,32.8722986
1576,24.3,29.3,20.9,69,1.6,32.33767119
1577,25.1,30.8,20.9,70,0.7,35.07396978
1578,25.7,30,22,72,1.1,33.87435125
1579,26,29.7,22.8,75,0.9,33.83788043
1580,26.8,31.1,23.2,72,0.9,35.54272278
1581,27.2,32.2,23.9,72,0.9,37.10310505
1582,27.7,32.5,23.7,75,1.5,37.43501781
1583,28.6,33.4,25.7,73,1.7,38.41415151
1584,26.8,31.1,22.4,70,1.5,34.97261937
1585,25.9,30.9,21,75,0.8,35.59351146
1586,27.5,33,24.3,67,1.2,37.5561305
1587,28.8,34,24,68,1.8,38.69763815
1588,29.1,33,26.9,71,2.3,37.24209352
1589,25.8,30,22,85,1.3,34.84381744
1590,22.6,25.4,20.7,91,1.1,28.88729469
1591,24.7,30.5,20.3,72,1.4,34.37594609
1592,26.4,31.7,23.1,74,1,36.51238215
1593,26.5,30.9,22.5,78,1.1,35.66561192
1594,27.6,31.4,25,77,1.6,35.96904648
1595,28,32.9,24.2,74,1.2,38.1123619
1596,28.3,32.8,24.5,77,1.4,38.13447859
1597,29.1,33.6,25.6,81,1.7,39.53542918
1598,29.2,33.6,26.1,80,1.9,39.30176956
1599,28.7,33.7,25.1,76,1.9,39.03517605
1600,28.9,33.4,24.7,74,1.4,38.71166043
1601,29.4,33.1,26.7,74,1.4,38.27347175
1602,28.9,32.4,25.8,73,0.9,37.486175
1603,29.3,34.3,25.4,69,1,39.75852974
1604,29.2,34.4,26.2,72,1.2,40.09901726
1605,29.1,34,25.4,70,1,39.4296275
1606,29.4,33.8,26.6,71,1.6,38.854327
1607,29.8,33.9,27.2,72,2.5,38.52028072
1608,30.1,36.2,25.4,70,2,42.0249611
1609,30.7,36.3,26.6,71,1.6,42.55523499
1610,30.9,35.2,28.2,73,1.8,41.00713566
1611,30.8,36.1,27.8,71,1.4,42.3842494
1612,30.5,35.5,26.8,72,1.7,41.40669746
1613,28.8,34.8,25.6,73,1.7,40.47554901
1614,28.3,34.5,24.4,69,1.5,39.72445274
1615,29.3,34.8,25.1,71,1.1,40.64394492
1616,30.1,35.7,26.2,68,1.1,41.63060042
1617,29.8,35.7,26.1,71,1,42.04490632
1618,30.3,35.8,25.6,70,1.4,41.81733947
1619,30.4,35.2,27.2,74,1.3,41.4454115
1620,30.1,35.2,25.5,71,1.1,41.235584
1621,30.4,35.6,26.8,72,1.3,41.81641039
1622,29.9,35.3,27.7,73,1.4,41.41682475
1623,28.3,31.5,25.7,80,1.4,36.5194833
1624,29.6,34.4,25.8,66,1.1,39.51376582
1625,29.8,34.5,25.5,61,1.2,39.04763213
1626,29.4,33.7,27.2,71,1.7,38.64398025
1627,28.1,32.8,25.2,73,2.8,36.82798619
1628,28.9,34.6,25.2,66,1.7,39.41146571
1629,27.1,33.1,24.9,88,0.7,40.13972316
1630,26.5,29.2,25.2,90,0.8,34.41774666
1631,25.1,27,24.1,92,1.4,31.00954592
1632,25,27.1,24,94,0.9,31.61995725
1633,27.6,32.3,24.4,85,1.3,38.23897461
1634,27.5,32,24.9,85,1.2,37.85459591
1635,28.1,32.7,24.9,80,1.5,38.21846717
1636,28.6,32.8,25.5,79,1.1,38.52772478
1637,28.8,33.5,25,76,1.3,39.12929878
1638,28.9,32.6,24.9,73,0.8,37.83918833
1639,29.1,34.2,25.3,70,1.1,39.65554578
1640,28.4,32.8,24.6,76,1.4,38.03535549
1641,29.5,34.1,26,73,1.8,39.37474328
1642,28.4,33.3,24.5,78,0.9,39.29814423
1643,27,33.4,23.7,89,1.2,40.37929431
1644,25,26.8,23.8,95,0.8,31.32606722
1645,26.2,29.2,24.4,94,0.9,34.67584652
1646,26,29.7,25.1,92,0.9,35.25111999
1647,27.1,30,25.1,87,1.1,35.14296609
1648,28.7,32.9,25.5,76,1.6,38.05172303
1649,27.8,33.6,24.1,83,1.2,40.06774841
1650,28.5,33.2,23.8,78,0.8,39.21480796
1651,29.5,33.5,25.5,78,1.3,39.33546453
1652,28.9,32.1,25.8,82,2,37.19827658
1653,27.9,31.2,24.9,87,1.7,36.5221201
1654,29.1,33.3,26,78,0.9,39.29814423
1655,28.4,33.9,25.4,82,0.8,40.67934749
1656,28.5,33.9,24.5,80,0.8,40.46853414
1657,28.5,32.4,25.5,82,0.7,38.48845685
1658,29.7,33.6,25.9,78,0.9,39.74445032
1659,30.8,35.4,27.2,77,0.8,42.41485488
1660,30.8,34.9,27.5,72,1.4,40.70795589
1661,30.4,34.2,27,73,1.2,39.91208346
1662,29.5,33.4,27.4,75,1.8,38.55416936
1663,29.5,33.5,26.8,74,1.3,38.92313302
1664,27.5,33.2,24.7,87,1.2,39.86713195
1665,27.5,30.9,24.4,89,1.2,36.57998027
1666,28.2,34.1,25.1,87,0.9,41.45194062
1667,27.7,33.6,24.7,90,0.5,41.24836575
1668,29.1,33.1,25.7,82,0.8,39.46990112
1669,29.3,33.7,24.8,79,1.1,39.86789352
1670,29,33.5,24.8,79,1,39.63354741
1671,29.2,34,24.6,81,1,40.59556897
1672,30.1,34.5,26.4,74,1.5,40.26934062
1673,30.5,34.4,27.4,75,1.9,39.96914298
1674,30.7,35.1,27.7,75,2.1,40.88797029
1675,29.6,32.9,26.5,79,1.9,38.15576473
1676,28.6,32.9,26.4,79,1.3,38.54576473
1677,29.4,34.9,25.5,77,0.9,41.59003616
1678,28.5,34.6,25.2,81,0.8,41.64020792
1679,29.3,33.9,25.2,78,1,40.12772078
1680,29.6,33.3,25.7,78,1.4,38.97314423
1681,29.9,34.2,27.9,77,1.5,40.14580036
1682,29.7,33.3,27.3,76,0.9,39.09426874
1683,29.8,33.9,26.3,75,1,39.81150075
1684,29,33.9,25.8,78,0.8,40.25772078
1685,29.6,33.6,26.3,77,0.9,39.6407907
1686,28,34,24.7,85,0.8,41.14954768
1687,26.7,33.8,23.9,92,1,41.44557865
1688,27.3,29.9,24.4,87,1.2,34.93192238
1689,28.1,31.1,25,84,1.1,36.49334324
1690,29.4,32.8,26.2,75,1.8,37.67623239
1691,27.8,32.4,25.1,85,1,38.58421747
1692,26.6,32.3,24.4,90,0.8,39.04585547
1693,27.2,33.8,23.8,87,0.6,41.18147112
1694,27.6,32.8,24.2,87,0.7,39.58070957
1695,27.2,32.8,25.2,92,0.7,40.07632506
1696,26.7,32.2,23.6,92,1,38.95480089
1697,24.6,27.3,23.7,96,1.7,31.53173661
1698,26.5,30.9,24.3,90,1,36.79901375
1699,26.2,30.1,24.5,93,0.5,36.18957974
1700,26.3,31.3,24.4,88,1.1,37.15204255
1701,25.7,28.6,24,86,1.4,32.84404124
1702,25.8,30.2,23.6,89,0.7,35.86678043
1703,26.9,30.4,24.7,80,0.8,35.31852804
1704,27.1,30.7,23.6,80,0.7,35.81502307
1705,27.9,31.9,25.5,81,0.7,37.65334402
1706,28.3,32.6,24.7,79,1.3,38.102286
1707,28.7,32.9,25.3,74,1.8,37.7223619
1708,29.4,34,26.2,75,2,39.3096009
1709,29.2,33.5,27.3,80,1.2,39.60663029
1710,28.4,32,25.7,82,0.8,37.83031605
1711,28.1,33.1,24.3,83,1,39.4407048
1712,27.5,31.5,23.9,84,1.2,37.01795746
1713,27.2,30.4,25.5,77,2.6,33.88893324
1714,27.4,32.4,23.6,74,1.9,36.93309521
1715,28.6,32.3,25.5,79,1.3,37.66071758
1716,28.6,32.4,25.9,82,1.2,38.16345685
1717,29.2,33.8,26.9,80,1.1,40.12272057
1718,29.3,33.4,25.8,77,0.6,39.53918721
1719,28,31.8,25.5,74,0.7,36.85047424
1720,28.4,32.8,26,77,0.8,38.52447859
1721,29.8,35.2,25.5,75,1.2,41.62368733
1722,28.8,32.5,26,82,1.2,38.31228613
1723,28.7,33,25.4,78,0.8,38.91877879
1724,28.8,32.3,26.7,77,1.1,37.59796524
1725,29.1,33.4,25.5,69,1.2,38.32911581
1726,29.3,33.2,25.3,67,1.2,37.8397453
1727,29.2,33.7,25.6,72,1.2,39.07321941
1728,28.6,33.1,25.3,68,2.5,36.95364971
1729,28.5,33.8,25.2,63,1.7,37.95075495
1730,27,31.4,24.2,68,3.1,34.16966443
1731,27.2,31.7,24.4,69,3.3,34.55154552
1732,26.6,30,24,71,3.9,31.96977692
1733,26.1,29.9,23.2,57,3.2,31.10919052
1734,26.7,32.1,22.4,55,1.6,34.88528308
1735,26.7,32.6,22.8,57,0.9,36.20592787
1736,25.5,30.9,21.9,57,1.7,33.40590871
1737,25.4,31.8,20.6,54,1.9,34.19656228
1738,24.4,28.2,22.9,63,3.7,29.02581879
1739,25.3,29.5,21.2,61,1.8,31.82309888
1740,27,32.1,22.3,65,0.9,36.29324363
1741,26.5,32.2,23.3,69,1.3,36.55560067
1742,26.6,32,23,71,1.2,36.52795658
1743,26.7,31.3,23.4,74,1,35.94192215
1744,26.9,31.9,24.2,69,1.5,36.00262639
1745,24,26.6,22.2,70,2.6,28.13431603
1746,22.5,26,20.5,76,1.6,28.39368556
1747,24.4,29.9,19.7,77,0.8,34.35101176
1748,26.4,31.9,22.3,72,0.8,36.7403058
1749,26.4,31.3,23.5,76,1.5,35.7990822
1750,26,30.8,23.6,78,1.6,35.1971949
1751,23.7,27.6,21.9,77,2.2,30.24269128
1752,25.1,30.7,21.5,68,1.3,34.36871961
1753,24.2,29.1,21.1,77,1.2,32.96791989
1754,24.2,30.7,20.1,70,1,34.73977018
1755,24.4,31,19.7,70,0.9,35.22289365
1756,25.1,30.6,21.3,74,1.1,34.88584419
1757,25.5,30.4,22.7,71,1.9,33.82474363
1758,25.1,30.3,21.2,72,1,34.35678106
1759,25.3,31.3,21.6,76,0.9,36.1890822
1760,25.4,31.4,21.5,74,1.3,35.88925246
1761,23.9,28.7,19.5,58,2.7,29.94463866
1762,21.9,28.1,17.7,45,1.8,28.76471678
1763,21.8,29.4,15.6,55,1.1,31.65508319
1764,23.4,31.3,17.1,61,0.8,34.88788177
1765,22.9,26.4,20.8,71,1.5,28.65310444
1766,21.4,23.4,20,76,1.7,24.89323774
1767,23,27,20.3,78,1,30.27439763
1768,25,31.6,21.6,79,1.3,36.63768991
1769,25.2,31,21.2,77,0.9,35.84968302
1770,25.4,30.8,21.7,76,0.6,35.67013862
1771,25.3,30.7,21.8,77,0.8,35.4859472
1772,25.1,30.4,21.5,80,0.8,35.31852804
1773,25.8,31.7,22.7,73,0.9,36.48421482
1774,25,30.8,21,72,1.1,34.99102606
1775,24.4,28.8,21.4,77,0.9,32.74473373
1776,24.3,28.4,21.8,79,0.9,32.34387223
1777,24,27.6,21.7,77,1,31.02269128
1778,23.7,29.5,20.1,69,1.6,32.61055447
1779,23.3,29.6,19.4,69,1,33.13724036
1780,23.5,29.9,19.3,72,0.8,33.93055645
1781,24.7,29.1,21.6,74,1,32.85698795
1782,23.5,26.6,21.9,78,1.3,29.53478071
1783,24.6,30.4,21.7,77,0.9,34.99393324
1784,23,27.6,20,75,2,30.22545255
1785,23.4,28.4,18.9,73,0.9,31.88112244
1786,24.5,29.7,20.9,73,0.9,33.67161695
1787,21.5,24.9,19.1,69,2.6,25.8385901
1788,21,26.6,17.6,71,1.1,29.17874911
1789,22,29.2,16.4,70,0.6,32.93224741
1790,21.4,26.4,17.6,69,0.6,29.10086206
1791,20.1,22.5,18.5,84,0.7,24.81122714
1792,22.1,26,19.4,74,1.1,28.5846412
1793,20.6,23,18.7,83,1.1,25.15547474
1794,21.8,27.7,18.5,69,0.9,30.63243872
1795,22.3,28.3,17.2,75,0.7,32.02792265
1796,22.5,28.2,19.1,79,0.9,32.0655823
1797,22.3,29.1,17,75,0.6,33.1972986
1798,22.6,30.2,16.6,70,0.7,34.24136663
1799,23.7,30.9,17.3,70,0.6,35.27834403
1800,24.4,30.2,20.8,72,1.3,34.02246282
1801,25.2,31.7,21.7,74,1.3,36.31738215
1802,22.4,27.3,19.8,69,2.5,29.05852943
1803,21.2,26.3,18.7,69,2.4,27.7990663
1804,20.5,24.3,18.2,74,2,25.75514426
1805,21,23.3,19.2,81,1.7,25.048305
1806,21.4,25.8,18.7,79,1.9,28.12955886
1807,18.1,21,16.4,71,2.5,21.03715836
1808,19.1,24.5,16.3,71,1.7,26.02811114
1809,20.6,26.2,17.9,72,1.2,28.65086556
1810,21.4,27.4,16.9,73,0.9,30.52284219
1811,21.8,28.4,18.8,72,1.3,31.54399748
1812,19,23.9,15.4,57,2.3,24.03248488
1813,18.7,25.6,13.5,56,0.5,27.26452135
1814,19.1,25.6,14.9,70,0.9,27.92090168
1815,20.9,29.8,14.1,60,0.7,32.85361223
1816,21.1,26.7,16.7,75,0.9,29.72116227
1817,22.7,29,19.5,78,1,33.03819523
1818,22.1,27.1,19,80,1.5,30.22896362
1819,20.1,25,17.5,73,1.9,26.67611253
1820,21.7,28.2,19.2,78,1.5,31.59934708
1821,22,27,20,78,1.9,29.68939763
1822,20,24.2,17.4,71,3.1,24.72873877
1823,18.2,23.3,15.5,65,3,23.29045463
1824,16.3,21.9,13.9,65,2.6,21.79287026
1825,17.8,23.8,14.4,66,1.2,25.15246852
1826,18,21.1,16.3,75,2.1,21.62247238
1827,18.8,23.6,15,73,1.3,25.23977119
1828,18.9,22.2,17.2,76,1,23.79479408
1829,19.3,22.5,17.5,87,1.1,24.71430668
1830,20.9,27.1,17.8,84,0.8,30.9699618
1831,22.2,27.2,18.7,79,0.8,30.74961711
1832,20.1,24.1,17.6,80,1.8,25.98297576
1833,20.7,27,17.6,80,1.1,30.35156167
1834,21.1,25.5,19.3,81,1.6,28.05060129
1835,20.9,27,18.6,77,1.3,30.00831561
1836,21.5,27.9,19,80,1,31.65938832
1837,22.6,29,19.4,77,0.8,33.08834658
1838,22.3,27.9,18.7,77,1.1,31.36963626
1839,20.6,26.1,18.1,75,1.9,28.26541417
1840,20.4,24.9,17.6,73,1.3,26.93475474
1841,20.4,26.4,18,80,1.9,29.01069515
1842,17.5,19.3,16.1,87,1.9,20.02283577
1843,16.3,20.3,14.7,81,2.7,20.50591099
1844,18.4,24.3,14.8,73,0.9,26.40956123
1845,19.6,23.6,15,76,0.8,25.73904946
1846,20.1,24.2,17.4,75,1.6,25.94462547
1847,16.6,21.1,14.7,78,2.6,21.44721128
1848,15,18,12,76,2.3,17.65475554
1849,16.4,23.8,11.1,70,0.9,25.58264843
1850,17.6,24.7,12.8,72,0.8,26.93541608
1851,17.8,25.5,12.7,75,1,28.05018638
1852,16.7,22.1,14.1,62,2.9,21.68843052
1853,16.8,22.8,13.8,62,1.8,23.27410488
1854,17.4,25,12,72,0.8,27.3279466
1855,18.3,25.8,12.5,73,0.7,28.51214932
1856,20.6,27.4,15.7,66,0.7,30.14348746
1857,22.4,31,17.4,58,1.1,34.0183976
1858,17.1,20.6,15.1,69,2.2,20.63385522
1859,18.8,26.8,14.3,75,1,29.79100044
1860,21.8,31.7,16,77,0.6,37.05188413
1861,21.3,26.4,17.8,77,1.3,29.19483158
1862,20.1,26.4,16.6,77,1.2,29.25983158
1863,21.6,28.9,17.1,74,0.9,32.6457845
1864,23.2,31.5,17.5,69,1,35.76617934
1865,19.9,25.2,17.1,72,1.8,26.94033424
1866,19.2,23.2,16.8,74,1.5,24.64955774
1867,19,25,15.7,74,1.5,26.99927845
1868,18.9,24.3,15.9,73,2,25.69456123
1869,20.4,26.9,15.4,75,1.3,29.73099665
1870,21.6,27.2,17.9,75,1.4,30.0719403
1871,21.8,29.2,18.6,73,1.5,32.58957229
1872,22.6,30.2,17.3,72,0.8,34.34746282
1873,21.2,28.7,17.7,74,1.3,32.11026312
1874,19.3,24.9,16.4,73,1.7,26.67475474
1875,20.7,27.9,16.7,77,0.9,31.49963626
1876,22.6,29.4,16.5,76,0.7,33.63100587
1877,23.3,29.8,20,80,1.1,34.26581631
1878,22.1,27.5,18.9,81,1.3,30.98347738
1879,20.3,25.7,17.2,78,1.8,27.9938574
1880,17.4,21.9,15.6,71,2,22.4973506
1881,16.5,18.7,15.1,88,1.1,19.81929628
1882,19.8,26.6,15.1,77,1.6,29.27034763
1883,20.3,27.2,16.6,76,1.2,30.2738595
1884,21.8,27.6,18.2,72,1,30.65459445
1885,22.2,27.3,19.3,74,1.3,30.20023447
