day,Temperature,T Max,T Min,RH,WS,body_temp
1,17.6,22.8,12.6,64,2.6,22.86481794
2,20.2,25.3,15.6,64,1.4,26.81732452
3,19.9,23.3,17.3,67,1.1,24.63956093
4,17.7,19.2,14.6,57,2.2,18.36811212
5,15.7,19.1,12.5,58,2.7,17.96753005
6,17.9,21.5,14.8,58,3.4,20.41669007
7,19.6,25.7,15.3,61,1.2,27.26450386
8,17,23.3,13.9,71,1.6,24.54277352
9,13.1,14.2,12.4,75,1.9,13.25725738
10,14.9,16.2,12.7,71,3.8,14.28731086
11,19.3,24.2,16,64,2.8,24.50218706
12,17.1,20,15.4,74,1.3,20.70675674
13,15.5,16.3,14.4,75,2.2,15.59591527
14,14,15.4,12.9,78,1.5,15.06475349
15,14.6,16.7,12.2,57,3,14.88043403
16,15.3,19.1,12,59,2.7,18.01164264
17,16.3,20.8,12.4,60,2.8,20.05215292
18,14.3,17.4,12.2,58,1.9,16.46098961
19,16.4,20.8,13.5,53,3.4,19.31913508
20,15.7,20.3,12,65,1.6,20.46063228
21,12.9,15.8,10.9,54,2.9,13.78155734
22,12.5,15.5,10.3,55,2.6,13.66293763
23,15.7,20.7,11.2,53,3.1,19.39422292
24,16.4,22.8,11,58,1.2,23.44267876
25,17.9,25.9,12.4,56,1.2,27.18714207
26,16.4,17.4,14.8,62,2.3,16.35960958
27,17.4,20.8,15.2,59,3.4,19.61315037
28,19.1,25.7,13.8,59,2.8,26.09281521
29,20.1,25.7,16.9,61,2.3,26.54950386
30,19,26.8,14,59,0.8,28.79694701
31,20.9,25.9,15.9,60,2.9,26.34865221
32,20.6,27.1,16.1,57,1.2,28.77947408
33,21.2,26.2,16.5,63,1,28.17050736
34,21.4,26.8,18.4,64,1.9,28.43321371
35,15.3,18.5,14,72,4.7,16.5444012
36,17.1,19.6,14.1,77,3.6,18.84783912
37,18.6,23.4,16.4,76,0.9,25.41323774
38,17.2,18.1,16,79,0.7,18.94278077
39,14.3,16.2,13.3,77,2.9,15.092816
40,13.1,14.3,11,82,2.5,13.21471746
41,10,11.6,8,86,1.6,10.66932814
42,8.7,9.4,7.8,79,1.3,8.091640433
43,11.6,13.4,9.2,82,0.6,13.3624172
44,13.7,15.1,12.1,80,1.1,15.0293379
45,12.1,12.8,11.4,79,1.4,12.03325545
46,13.9,15.9,11.7,69,2.6,14.63376939
47,17.5,22.5,14.9,69,1.6,23.41082943
48,20,26.9,14.5,66,0.9,29.35499705
49,17.5,24.1,13.1,73,1.5,25.75894038
50,12.2,13.5,11.6,82,1.3,13.02784773
51,12.5,15.1,11.1,61,2.3,13.59850765
52,14.8,19,10.7,59,3,17.69648553
53,17.5,21.6,13.8,66,2.8,21.34057102
54,19.3,23.4,15.8,61,3.5,22.86226976
55,20.6,26.2,17.3,61,2.2,27.25487221
56,20.2,25.2,15.2,67,0.9,27.20572769
57,20.4,23.9,18.4,67,1,25.46897346
58,19.2,21.6,18,70,4.6,20.3764238
59,21.6,27.5,18.6,66,3,28.7806112
60,20.5,26.1,18.1,69,1.1,28.38090103
61,15.3,18.4,14.1,75,3.2,17.52299974
62,15.3,17,13.5,76,3.1,15.90356918
63,16,17.3,14.7,80,1.1,17.72944274
64,14.6,15.7,13.4,74,2.5,14.63717239
65,13.7,14.5,12.7,80,3,13.06649116
66,14.8,16.5,13.2,81,2.8,15.67416595
67,15,16.7,13.3,83,1.2,17.03680745
68,13.4,14.4,12.1,78,2,13.53003516
69,15.4,17.6,13.1,64,4.4,15.31411605
70,18.8,21.2,15.9,64,2.3,21.06706109
71,18,21.8,16.2,76,0.7,23.47621769
72,15.8,17.9,14.7,75,2.1,17.62023595
73,14.8,18.3,13.4,57,3.2,16.64389618
74,17.8,22.4,13.6,58,2.9,21.84480494
75,18.8,22.6,16.8,69,0.7,24.12263202
76,20.8,26.6,15.8,76,0.9,29.65591454
77,22.7,28.6,17.7,77,1.3,32.20682762
78,24.4,29.9,20.5,76,1.1,34.0719207
79,18,23.1,14.3,79,2.8,23.95716141
80,14.1,15.3,11.8,64,3.2,13.35259327
81,16.6,18.7,14.6,63,4.7,16.40364393
82,19.8,24.4,16.4,63,4,23.91561553
83,21.4,26.6,18.1,68,2.6,27.99544985
84,22.9,28.5,18.1,69,1.1,31.577552
85,25.1,30.4,21.6,69,1.2,34.10668043
86,24.9,30,22.6,77,2.5,33.38722286
87,26.2,32.3,22.4,74,1.2,37.24383672
88,25.9,32,22.6,79,1.8,36.8960362
89,22.8,25.5,21,66,4.1,25.44956401
90,22,26.6,17.9,79,2,29.1492138
91,18,20.5,17.3,88,1.5,21.87838787
92,19,21.8,17.6,82,1.9,23.0087875
93,19,21.4,17.7,86,1.3,23.08307909
94,18.6,22.2,17.2,67,3.4,21.75438425
95,21.9,28.9,16.7,60,2,30.81933878
96,20.4,23.3,18.3,71,4.9,22.39777352
97,19.5,20.5,18.2,89,1.4,21.99149455
98,22.1,28.6,19,86,1.8,32.58404124
99,21.8,24.9,20.6,83,2.3,26.91266635
100,22.9,27.1,20.1,73,4.4,27.8434668
101,25.2,32.2,20.9,68,1.4,36.39476588
102,25.7,32.6,21.2,69,1.2,37.18712321
103,25.1,32.9,20,74,2.8,37.0723619
104,19.9,22.1,19,71,3.9,21.5159285
105,22.7,27.4,18.7,64,4.2,27.72295754
106,24.9,30.4,22.2,67,1.3,33.86861723
107,25.5,31.8,21.2,72,1.4,36.20808304
108,26,33.3,21.8,74,1.2,38.69539325
109,26.2,31.3,23,77,1,36.21516223
110,22.9,25.7,20.5,83,2.6,27.80307903
111,22.7,26.7,20.5,81,3.5,28.45021525
112,21.8,24.9,19.3,84,1.8,27.30045751
113,20.4,21.4,19.3,78,4.2,20.79137406
114,22,24.2,19.9,89,1.2,27.04772889
115,23.5,27.1,21.3,88,1.8,30.60595998
116,24.9,30.3,22.3,88,1.7,35.27839907
117,25.1,29,22.5,81,1.6,32.8877412
118,22.6,25.6,21,70,4.1,25.84090168
119,21.8,24.6,20.4,66,4,24.35477951
120,21.6,24.1,19,77,3.1,24.95838917
121,20.7,22.2,18.9,91,0.7,24.79047712
122,23.9,28.9,20.4,82,2.8,32.04589634
123,23.2,26.4,22,69,4.6,26.50086206
124,24.4,28.7,21.7,73,1.3,32.03178659
125,19.2,24.3,16.5,81,3.2,25.39922548
126,18,20.1,15.1,87,2.9,20.4022997
127,21.5,23.6,19.5,88,1.1,26.24116253
128,23.6,29.1,20.7,82,1.8,32.97947313
129,23.8,25.9,21.8,86,1.4,29.05596817
130,25,29,22.3,82,1.3,33.16258986
131,27,33.3,22.6,75,1,38.92733099
132,27.2,33.6,24.7,79,1.3,39.58810994
133,26.7,29.9,24.6,81,0.9,34.62237601
134,30.2,35.6,24.4,65,2.9,39.96582882
135,26.1,30.2,22.3,80,1.7,34.44684758
136,24.1,28.1,22.6,85,2.1,31.60146503
137,27.6,34.2,23.9,79,1.4,40.42515881
138,28.2,32.5,25.9,77,1.6,37.56495161
139,26.2,28,25.1,86,1,32.25048021
140,24.7,27.9,20.7,89,1.4,32.07364451
141,19.4,21.1,18,90,2.9,21.85116686
142,23.8,30.1,19.9,87,0.9,35.41921975
143,24.8,28.2,23.4,84,1.6,31.99175839
144,27.3,33.9,23.5,74,1.6,39.31609408
145,27.9,33.5,24.1,73,1.4,38.75505014
146,29.3,34.8,25,70,1.8,40.07814288
147,27.5,30,25.4,80,1,34.61594583
148,28.2,31.8,25.7,78,1.1,36.96525663
149,25.9,27.7,24.8,87,1.1,31.83533577
150,26.9,31.3,25,83,1,36.76164241
151,27.8,31.6,25.2,78,1,36.74004826
152,28.9,32.9,26,74,1.3,38.0473619
153,30.1,34.2,26.2,68,1.7,39.05118733
154,27.5,30.6,24.9,74,1.6,34.56084419
155,27.6,30.2,25.2,72,1.5,33.89246282
156,26.7,29.9,23.8,78,1.3,34.11010282
157,25,28.7,23.1,81,1.7,32.39959882
158,25.7,29.5,23.7,85,1.2,34.18546565
159,25.9,30.4,24.5,84,1.8,35.01465444
160,26.7,30,25,83,2.8,33.6996688
161,26.4,29.9,25.1,81,2.1,33.84237601
162,25.4,27.1,24.2,80,2.1,29.83896362
163,26.1,29.4,23.8,69,4.2,30.78403164
164,27.1,31.5,24.5,67,4.5,33.30694226
165,28.6,33,24.6,72,2.3,37.34233427
166,28,31.7,26.3,78,1.1,36.82005146
167,28.3,34.6,25.7,76,1,40.96229385
168,30.6,36.3,26.1,67,2.7,41.35892597
169,30.3,35.8,27.9,68,2,41.19318691
170,29,33.6,27.1,75,1.5,39.04347146
171,28.3,33.2,26.7,79,1.3,38.99117729
172,28.9,33.5,26.1,76,1.2,39.19429878
173,28.2,32.5,26.4,80,1.2,38.11735233
174,27.9,33.1,25.1,80,1.1,39.07329378
175,27.9,31.6,25.4,78,1,36.74004826
176,28.1,33.1,26.2,80,1.3,38.94329378
177,30.3,35.1,25.3,71,1.5,40.82735854
178,30.6,34.6,27,71,1.5,40.08937978
179,29.9,33.1,27.7,74,1.4,38.27347175
180,29.1,33.7,25.1,76,1.2,39.49017605
181,28.2,34.1,24.9,79,1.2,40.40425643
182,28.6,34.3,25.9,77,1.3,40.42573609
183,30.3,36.8,26,70,1.5,43.25293139
184,31.4,36.2,27.3,67,1.4,42.05594848
185,30.6,35,27.4,68,1.5,40.34324505
186,31.1,35.2,27.7,66,1.4,40.47420485
187,32.4,36.7,28.6,65,1.5,42.48696468
188,31.2,36,28,67,2.8,40.85061677
189,28.9,31.4,27.3,76,2.1,35.55244848
190,32.4,37.6,26.9,64,2.1,43.30449779
191,31.3,34.7,28.8,69,1.4,40.08117659
192,30.3,35.9,27.6,72,1.1,42.39686247
193,31,36,27.1,70,1.3,42.18071901
194,32.4,37.8,28.2,64,1.7,43.86245695
195,30.3,36.6,27.4,72,1.3,43.32569066
196,30.2,35.3,27.2,71,1.4,41.18902133
197,30.7,35.2,27.2,65,2.6,39.58092902
198,31.5,35.1,28.1,62,2.6,39.0984821
199,31.4,36,28.5,62,2.4,40.51877969
200,31,35.4,27.3,63,2.7,39.57642672
201,31.4,35.7,28.6,60,3.6,39.07411802
202,31.4,36.5,28.4,61,3.9,40.1456121
203,29.2,33.8,26.3,73,4.4,37.24397002
204,27.2,29.3,26,78,4.2,31.3788457
205,29.8,34.7,25.5,71,1.2,40.43155852
206,28.7,35.8,25.2,76,1.3,42.58479714
207,29.2,34.7,24.4,72,1.5,40.34674948
208,30.6,35.3,26.9,64,2,40.00170937
209,30.6,35.6,26.7,64,2.6,40.04503146
210,30.6,34.2,28.2,67,3,38.09900811
211,30.6,34.8,28.1,70,1.8,40.07814288
212,30.1,33.4,26.5,73,2,38.21915151
213,32.4,37.3,29.1,64,3.2,42.14413171
214,31.2,37.7,28,64,1.7,43.71337198
215,30,36.5,27.4,70,1.6,42.7354565
216,29.9,34.3,27.1,71,1.3,39.77908133
217,29.7,32.5,27.7,71,1.4,37.11015019
218,29.9,34.5,27.5,70,1.2,40.02843032
219,30.8,35,27.6,68,1.1,40.60324505
220,31.6,36.1,28.5,67,1.5,41.84317902
221,30.7,34.3,28.5,69,1.9,39.17352974
222,30.8,35.2,27.7,69,1.2,40.94403234
223,29.7,34.7,26.6,72,1.2,40.54174948
224,29.4,33.3,27.5,73,1.6,38.3334555
225,28.3,35.3,26.2,76,1.3,41.82352988
226,30.7,36.2,25.4,66,1.9,41.6112776
227,31.1,35.9,27.3,67,1.5,41.54826091
228,30.1,35.1,28.3,71,1.5,40.82735854
229,30.3,33.2,27.4,68,1.5,37.74611463
230,28.7,34,24.7,73,1.3,39.55261154
231,27.4,33.2,24.7,76,1,38.88206929
232,28.3,34,25.1,74,1.2,39.72360622
233,29.8,35.1,26.1,68,1.5,40.48939973
234,30.2,35.8,26.3,64,1.7,40.9198818
235,29.8,33.9,26.4,64,1.4,38.39202731
236,30.1,35.6,25.7,65,1.2,41.07082882
237,30.5,35.9,26.8,67,1.3,41.67826091
238,30.7,35.7,26.6,64,2.3,40.38485922
239,31.1,36.2,28.2,62,1.4,41.45759411
240,30.8,36.2,26.6,64,1.4,41.69693586
241,31.6,37,27.6,60,2.3,41.78559369
242,30.1,35.3,27.6,67,1.9,40.4084145
243,29.8,35.6,26.6,67,1.6,41.04242356
244,30.8,36.9,26.5,63,1.4,42.59888027
245,31,36.4,26.6,63,1.6,41.73816532
246,31.5,36.8,27.3,62,1.6,42.19868209
247,30,34.3,27.5,67,2.2,38.76297816
248,31.1,36.6,27.7,64,3.8,40.72216948
249,30.9,36,28.4,66,3.4,40.34224935
250,30.4,35.6,27.1,67,1.5,41.10742356
251,30.3,34,27.2,70,1.5,39.1046275
252,29.7,36.3,26.7,73,1.5,42.86088949
253,29.4,35,26.4,74,1.7,40.88544314
254,30.4,35.5,26.8,69,1.8,40.99621006
255,30.3,34.7,27.8,70,1.8,39.93136755
256,30.6,35.6,26.8,68,1.5,41.22322092
257,30.2,34.5,27.8,72,4.5,38.10138547
258,31.9,35.5,29.2,64,5,38.34039774
259,32.2,37.8,29,64,1.4,44.05745695
260,31,37.4,27.7,69,2.7,43.25615804
261,30.9,35.2,28,68,4,39.01075651
262,31,36.5,28.3,66,4.8,40.16885899
263,31.4,36.2,28.9,63,4.3,39.69226499
264,29,33.5,24.7,68,4.6,36.15963575
265,27.2,29.9,24.8,86,1.8,34.45783131
266,28,32.6,26.2,86,1.1,38.91839995
267,26.8,30.6,25.1,88,1.3,35.98119309
268,27.5,33.4,24.2,80,2.4,38.67671398
269,27.6,31.9,25.8,77,3,35.78143815
270,27.4,31.3,24.9,73,2.6,34.81084212
271,27.3,31.8,24.7,74,3,35.35547424
272,28,34.3,23.7,72,1.5,39.75685712
273,28,33,24.8,75,3.1,37.12305653
274,26.4,28.4,25,81,3,31.13312216
275,26.9,30.8,25,75,2.6,34.28161048
276,25.7,29.2,23.8,69,2.2,31.81147244
277,24.7,26.9,22.8,65,2.1,28.50433043
278,25.4,28.3,23.3,67,2.2,30.4394909
279,24.6,27.1,21.9,65,3.2,28.05147044
280,23.8,26.7,21.8,67,3.3,27.60242496
281,24.5,27,22.3,71,3.7,28.02182348
282,24.5,26.7,21.7,82,2.8,28.97505741
283,25.4,27.7,23.9,82,2.5,30.55508659
284,24,25.4,23,84,1.3,28.30450279
285,23.9,27.5,21.3,73,1.5,30.26794875
286,22.4,26.7,19.8,70,2,28.65695145
287,21.7,25,19.5,66,2.5,25.84395105
288,21.8,25.9,18.8,63,2.3,26.93853482
289,22,26,17.5,64,2.5,27.00441942
290,23.4,25.2,20.5,71,3.2,25.96641293
291,25.1,28.4,23.2,67,3.7,29.59837265
292,25.9,30.6,22.8,71,3.4,33.12826943
293,27.6,33.5,22.9,69,1.3,38.40771863
294,27.7,33.7,23.6,69,1.1,38.82550194
295,23.8,26.6,21.4,76,2.5,28.61591454
296,23.4,25.1,22.2,67,3.1,25.64635676
297,23.9,26.7,22.6,73,3.5,27.89147794
298,24.3,26.4,22.9,79,3.9,27.64207396
299,26.1,32.3,22.5,75,1.9,36.88521289
300,25.3,29,22.9,71,4.4,30.26925464
301,23.6,25.4,22.9,68,4.1,25.44954988
302,26,30.1,23.1,68,3.9,31.85307981
303,26.7,30.7,24.4,65,3.4,32.73964374
304,26.4,31.9,22.9,68,2,35.58339992
305,25.7,31.2,22.2,75,2.6,34.85034491
306,22.9,24.6,20.3,80,2.2,26.3882782
307,20.8,21.4,19.3,63,2.5,21.13380212
308,20.8,22.5,19.4,65,2,22.93339005
309,21.5,25.7,18.6,65,2.7,26.55288117
310,21.8,26.2,18.2,70,2.2,27.8652304
311,22.3,24.5,21.4,67,3.3,24.74286544
312,24.6,28.3,22,69,2,30.72284884
313,21.9,23.5,20.7,83,1.6,25.49278506
314,22,23.6,20.8,72,3.5,23.75167843
315,22.2,25.3,20.5,71,2.9,26.29243814
316,20.3,21.8,18.4,80,2.4,22.57959756
317,17.9,18.9,16.9,81,2.6,18.79487655
318,19,20.7,18,77,3.5,20.30307858
319,20.7,22.1,19.1,79,3.3,22.33037115
320,21.9,26.3,18.2,83,2.1,28.94912323
321,19.8,21.1,17.1,83,1.9,22.1517761
322,18.5,20.1,16.8,75,2.5,20.09908595
323,20.1,22.3,17.9,72,3,22.40869735
324,21.6,24.9,19.2,78,3.6,25.75371055
325,23.1,28.6,19,76,2.2,31.54380389
326,24.1,28.3,20.9,73,3.6,29.98956471
327,25.1,29.4,22.1,69,3.5,31.23903164
328,24.2,29.4,20.6,71,1.1,32.96245285
329,22.8,28,19.4,74,1.8,30.82622716
330,22.3,25.2,20.4,76,3.2,26.28601947
331,23.1,25.3,21.7,82,3.4,26.67475954
332,24.6,30.3,21.7,79,1.4,34.69905144
333,26.2,31.6,23.2,77,1.2,36.51740662
334,25.7,30.3,22.7,76,0.6,34.96093556
335,17.7,23.5,14.3,77,3.4,23.97631867
336,16.2,18.1,13.8,72,3.6,16.76769893
337,21.4,24.9,17.7,69,2.4,25.9685901
338,14.8,19.6,12.6,78,2.1,19.86834353
339,14.6,16.1,13.7,61,3.4,14.06156649
340,16.6,20,13.8,59,4.4,17.99207632
341,20.1,24.6,16.9,62,3.5,24.4330656
342,17.2,19.4,16.3,82,3.5,18.88633711
343,18.3,20.5,16.8,82,3.4,20.35474778
344,20.9,24.8,19,83,1.3,27.42772199
345,17.5,20.4,15.2,82,2.8,20.61652302
346,14.2,15.4,13,76,2,14.66991366
347,14.3,15.3,13.8,62,3.5,13.08819973
348,16.7,18.3,14.8,70,3.5,16.99441636
349,18.7,22.7,16.1,78,0.8,24.67975846
350,14.9,18.4,12.7,67,1.6,18.22518644
351,11.9,13.2,11,56,2.7,10.9692786
352,15.4,17.3,12.2,59,3.6,15.27692652
353,17,18.8,15.3,76,2,18.84245786
354,16.1,17.5,15,67,2.6,16.48369088
355,15.3,17,13.4,72,2.3,16.26890764
356,13.9,16.9,12.2,56,4.3,14.23259773
357,18.4,22.3,14.6,56,2.1,22.13443127
358,18.9,23.8,15.3,67,2.6,24.3012635
359,17,19.3,15.5,71,3.6,18.20319931
360,16.6,18,15.4,72,3.9,16.45003156
361,16.2,17.2,14.7,84,3.5,16.20222585
362,14.6,16,13,90,0.9,16.62068684
363,14.3,18.7,11.9,66,1.5,18.61272221
364,15.7,20.6,11.3,61,2.6,19.98662563
365,16.6,22.2,11.4,63,2.6,22.06086878
366,13.7,16.2,12.2,56,3.6,13.866048
367,14.2,17.4,12.3,57,4.1,14.99133461
368,16.5,21.6,12.7,59,2.4,21.24032864
369,17.4,23.7,12.9,68,1.1,25.20712036
370,18.5,24.8,14.1,75,0.6,27.38337529
371,19.5,24.1,16.8,73,2.6,25.04394038
372,15.4,17.7,13.3,75,3.2,16.65887654
373,13.5,15.1,12.2,60,2.7,13.30425342
374,16,18.8,14.1,59,3.7,17.00143439
375,16.7,19.1,15.2,58,3.3,17.57753005
376,17.4,18.8,16.2,59,3.4,17.19643439
377,17.1,18.2,15.4,66,4.3,16.18526334
378,20.3,24.6,15.9,67,3.5,24.74145799
379,16.2,17.9,14.8,78,2,17.80800539
380,16.1,17.1,14.7,65,3.1,15.59819784
381,17.5,21.1,15.4,66,2.7,20.7832557
382,15.3,16.3,14.5,58,3.8,13.92716114
383,16.8,20.6,14.8,62,3.4,19.51502933
384,16,17,15.1,57,4.5,14.25892688
385,18.4,21.8,15.8,61,3.6,20.80979314
386,17.7,21.5,14.5,74,1.3,22.60008733
387,14.8,20,11.7,62,1.4,20.0820124
388,15.3,21.2,10.3,58,2.5,20.63574286
389,17.4,24.8,11.6,62,1.1,26.24693691
390,19.2,23.8,15.2,66,0.9,25.34746852
391,18.9,21.8,17.2,75,1.3,23.03412272
392,17.1,18.8,15.2,84,3.1,18.47382184
393,15,15.7,14.4,82,3.7,14.14194778
394,18.2,23.1,14.8,78,2.9,23.83579228
395,16.7,18.7,14.1,73,2.7,18.13390487
396,14.2,15.3,13.7,77,3.9,13.34865127
397,15.6,18.8,13.4,74,4.3,17.26086686
398,17.7,21.3,15.9,74,4.5,20.26607866
399,16.9,18.3,15.8,85,2.3,18.40386273
400,15.2,16.7,14.1,81,2,16.44093257
401,12.2,14.3,11.4,71,2.1,13.11685293
402,12.3,13.8,10.5,79,2.7,12.38521641
403,17.1,23,12.4,75,1.3,24.57723621
404,13.5,16.8,11.5,67,2.4,15.7699757
405,11.3,12.3,9.8,70,2,10.79106436
406,13.8,16.1,11.8,65,2.3,14.92263642
407,15.3,20,11.8,71,0.6,21.02182066
408,15.9,21.1,12,56,1.8,20.86912605
409,17.1,23.4,10.1,55,2.4,23.23288257
410,20.1,25.1,14.4,56,2.4,25.40238774
411,20.2,27.6,15.3,63,1,29.99202014
412,19.4,25.2,15.6,77,1.9,27.19494078
413,19.3,22.6,17.9,68,4.6,21.5329417
414,17.9,19.7,16.6,63,4.7,17.61760182
415,16.7,18.6,16,64,4.6,16.39052212
416,19.1,25.5,16.4,67,1.6,27.13963316
417,20.8,27.3,16.6,68,0.6,30.22118843
418,19.7,22.3,17.6,79,2.2,23.30462625
419,19.4,22.7,18,81,1.3,24.5198261
420,18.4,24.6,15.3,81,1.8,26.70995667
421,20.6,24.2,17,80,0.8,26.76573383
422,19.6,22.9,18,83,1.6,24.69845965
423,19.7,23.2,17.4,85,3.1,24.23337038
424,18.8,22.8,17,83,1,24.95659202
425,14.1,17.4,12.5,79,2.8,16.70874446
426,15.3,17.1,13.4,80,3.1,16.18185888
427,19.4,27.1,15.5,77,1.7,29.88446498
428,14.4,15.4,13.8,84,4.2,13.51927299
429,16.4,18,14,87,3.6,17.26274647
430,15.9,17.7,13.5,87,2.4,17.66381679
431,16.3,18.2,15.2,86,3.4,17.60428253
432,19.3,24.9,16.3,84,2.5,26.84545751
433,17.3,21.1,15.2,76,3.1,21.02238535
434,13.4,15.6,11.4,81,4,13.78896901
435,12.8,13.6,11.4,91,3.2,12.19318151
436,14.2,15.6,13,88,2.4,15.07655892
437,19.5,25.4,13.6,77,1.2,27.91671089
438,20.8,26.7,16.7,78,0.7,30.06068876
439,22.3,28.9,18.5,77,0.8,32.94895144
440,23.1,28,20.2,82,0.9,32.01406253
441,24.3,29.8,20.6,81,0.6,34.67442651
442,25.7,31.1,22.8,75,1,35.7478779
443,24.8,31.1,22.2,76,2.2,35.0579296
444,23.5,31.2,21.6,80,1.9,35.75816791
445,20.2,22.1,18,82,3,22.68453714
446,19.3,20.3,18.1,71,4.1,19.1207368
447,17.3,19.9,15,83,3,19.89369756
448,16,17.5,14.3,84,4.2,16.12209006
449,14.9,16.1,13.9,88,3.5,14.98253854
450,18.6,19.9,16.1,89,2.9,20.23684437
451,17.8,19.8,15.5,88,1.2,21.16631787
452,18,23.4,13.9,72,1.6,24.72864628
453,21.7,28.4,14.7,69,2.1,30.79262258
454,24.2,29.6,20.4,70,0.6,33.47989602
455,25.4,31.7,20.6,73,0.8,36.54921482
456,26.4,32.6,22.9,76,1,38.00323716
457,26.4,32.1,22.6,76,1.3,37.08150025
458,27.4,33.6,22.9,71,1.2,38.82383298
459,27.6,32.6,24.5,71,0.7,37.70815577
460,28.2,33.3,23.6,71,1.2,38.38958001
461,27.7,34.5,21.6,72,1.8,39.85638547
462,19.1,21.7,15.8,78,4.9,20.72170284
463,15.5,16.5,14.7,81,3.7,15.08916595
464,17.3,18.8,14.8,86,3.5,18.30041284
465,17.1,18.3,15.5,86,3.3,17.79582582
466,16,16.8,15.2,88,2.8,16.31172928
467,17.7,20,16.3,93,0.5,22.11301861
468,18.6,22.7,15.8,74,1.9,23.74466829
469,19,25.1,14.4,57,2.2,25.59593038
470,20.8,28.6,13.6,51,1.4,30.1132105
471,23.7,30.1,18.1,64,1.4,33.13783982
472,23.7,30.2,19.7,77,0.9,34.7102033
473,25.3,31.1,22,82,0.8,36.50823983
474,25.7,31.4,23.1,84,1,37.00023253
475,24.9,32.4,18.1,75,2.6,36.57501542
476,18.4,19.7,17.2,84,4.1,18.96913576
477,19.6,21.9,17.7,77,3.4,21.90183093
478,22.8,26.6,19.5,75,4.3,27.37648146
479,23.3,28.1,21.5,79,2.6,30.82170279
480,22.4,24.4,21.5,72,4.4,24.20413204
481,25,29.5,21.2,66,3.1,31.38900862
482,26.2,31.3,23,70,1.2,35.44760203
483,25.8,30,23.2,75,1.2,34.06307422
484,26.3,31,23.9,77,1.2,35.65468302
485,24,27.2,22.3,75,4.1,28.3169403
486,24.6,29,21.7,76,0.8,33.00849792
487,27,33,23.1,74,1.1,38.32281578
488,27.6,34.1,23.2,73,2.3,39.04974328
489,21,23.1,19.7,84,3.9,23.52400707
490,19.7,21.2,18.1,88,3.2,21.687334
491,24.1,27.5,20.6,84,0.5,31.72305061
492,24.6,29.8,22.6,82,2.2,33.71803672
493,26,30.1,22.9,80,1.8,34.23879977
494,25.5,31.8,21.9,82,2,36.75503902
495,25.4,28.7,22.1,82,3.6,31.24307535
496,26.9,29.9,24.7,79,1,34.38919388
497,22.3,26.5,19.6,71,2.5,28.13585293
498,27.1,33.6,21.5,64,0.8,38.35821564
499,27.8,32.4,24.2,76,1.1,37.64693562
500,28.7,34.1,24.6,76,1,40.21449986
501,29.5,35.6,25.2,70,1.5,41.45481565
502,28.4,32.8,25.8,74,1,38.09710929
503,29.9,35.4,25.1,66,1.9,40.44001847
504,30.1,34,26.3,64,1.7,38.33865943
505,24.6,28.3,22.3,85,1.2,32.46971234
506,22,23,21.2,80,3.4,23.49238529
507,24.5,28.3,21.5,88,1.2,32.69974924
508,24.7,25.9,24,90,0.6,29.84247832
509,24.3,26.2,22.8,92,1.3,29.9422171
510,23.6,24.9,22.7,85,2.2,27.10324867
511,23.4,24.4,22.6,82,2.1,26.30859482
512,26.8,31.3,22.8,82,1,36.67056238
513,30,35.5,25.1,70,2,40.98137253
514,30.9,35.7,27.2,70,1.5,41.60347102
515,31,36.5,26.6,69,2.2,42.22380713
516,28.2,30.9,26.4,81,0.8,36.12771238
517,28.5,31.2,26.6,78,0.9,36.22703871
518,29.6,35.8,26,73,1.6,42.0385683
519,30.2,34.7,26.3,70,1.8,39.93136755
520,28.4,32.3,26.5,78,0.9,37.82434141
521,30.3,35.7,25.8,70,1.8,41.40847102
522,26.7,31,25,84,2.1,35.69647238
523,27.2,32.8,25.1,84,1,39.08834027
524,29.5,34.6,24.6,71,1.5,40.08937978
525,30.4,35.9,25.7,69,1.4,41.84870154
526,31.1,36,26.7,67,1.4,41.76061677
527,31.7,36.4,27,66,1.9,41.90612558
528,30.7,35,28.3,72,1.5,40.79137711
529,29.2,35.6,26.5,74,1.7,41.78800512
530,28.1,35,24.8,80,1.3,41.81764124
531,29.2,34.4,25.3,78,1.3,40.6842687
532,30.8,35.5,26.5,72,1.2,41.73169746
533,31.6,36.7,27.1,68,1.7,42.72591689
534,31.5,35.3,28.2,65,1.7,40.31061108
535,30.9,37.1,27.5,72,1.7,43.82879241
536,30.1,34.4,27.8,75,1.6,40.16414298
537,29.1,34.9,24.5,78,1.5,41.31145222
538,29.3,34.6,25.8,76,1,40.96229385
539,28.7,35.4,25.7,78,1.4,42.13938546
540,28.2,34.4,25.8,84,0.9,41.59452013
541,30.5,35.4,25.9,74,1.5,41.61626313
542,31.7,36.4,27.4,69,2,42.20408583
543,31.9,36.6,28.4,69,2.2,42.37374522
544,32.2,36.6,28.7,67,2,42.25911492
545,31.6,35.2,28.4,69,2.2,40.29403234
546,31.8,35.6,27.3,66,1.7,40.86162619
547,32.2,36,28.1,65,2.7,40.67888194
548,32.1,37.5,28.2,67,1.7,43.80118513
549,30.9,34.3,28.5,72,1.1,40.01685712
550,29.9,34.7,27.4,76,1.6,40.72251334
551,31.3,35.2,27.6,70,4,39.23730817
552,31.9,36.5,30,66,2.9,41.40385899
553,31.6,36,28.3,66,2.4,40.99224935
554,31.8,34.8,30.1,62,5,37.11172655
555,29.3,33.4,26.5,78,3,38.08169613
556,26.4,28.4,25.3,86,3.8,30.99874699
557,31,32.8,28.1,66,4.3,35.1591245
558,30.2,35.7,26.9,73,1.5,41.95277692
559,30.6,34.8,27.1,72,1.5,40.49474697
560,30.1,35.1,26.7,67,1.5,40.37674679
561,29.8,34.6,26.3,70,1.4,40.04479697
562,30.2,34.8,26.4,68,1.5,40.0515388
563,30.2,33.6,27.3,71,1.9,38.36883298
564,30.7,35,27.1,67,2.1,39.84121203
565,28.8,34.5,25.6,78,1,41.03025093
566,28.6,31.6,25.6,79,1.5,36.50768991
567,30.6,36.6,26.8,69,1.5,42.82874522
568,30.1,35.7,27.5,71,1.2,41.91490632
569,28.4,35.8,25.1,79,1,43.13102597
570,29,35,25.2,76,1.3,41.36950917
571,30.2,36.5,26.5,70,1.3,42.9304565
572,30.3,36.5,26.7,68,2,42.23215775
573,28.8,35.5,26.3,73,1.5,41.65185992
574,28,36.7,24.2,75,1.3,43.8468054
575,28.6,35.1,24.3,74,0.9,41.55531735
576,28,34.4,25,79,1.2,40.85764394
577,29.2,34.9,24.7,70,1.1,40.68012378
578,29.7,35,25.6,68,1.5,40.34324505
579,30,35.3,26.7,67,1.5,40.6684145
580,29.6,34.9,25.8,68,1.3,40.32729168
581,29.7,35.3,26.2,70,1.8,40.81511963
582,28.8,34.2,26,74,1.6,39.75926269
583,29.4,33.7,25.7,74,2.7,38.30669773
584,29.4,32.6,27.1,78,4.8,35.72926972
585,28.1,31,23.9,84,9.6,30.82147238
586,28.5,31.8,25.4,78,1.6,36.64025663
587,29.5,34.4,26.2,75,1.1,40.48914298
588,29.2,36.2,26.2,76,1.3,43.19798633
589,29.6,35.3,26.2,76,1.3,41.82352988
590,28.3,36.2,25.2,81,1,43.9913407
591,28.5,34.1,25.7,76,1.3,40.01949986
592,30.3,35.7,26.7,66,2,40.81272982
593,29,33.6,26.3,69,2,38.09651374
594,29.8,34.3,26.5,70,1.6,39.47630554
595,28.1,32.9,25.5,78,1.4,38.38108416
596,29.6,35.6,25.3,74,2.7,41.13800512
597,30.9,35.4,27.7,66,3.9,39.14001847
598,30.1,33.9,28.4,71,4.1,37.37487405
599,29.3,32.8,26.9,74,4.1,36.08210929
600,27.6,30.4,26.1,83,2.3,34.60312284
601,29.9,33.8,27.1,74,2.3,38.71379153
602,27.9,31.5,24.2,76,1.9,35.82600913
603,27.9,31.3,24.6,72,1.8,35.23976209
604,25.3,29,24.2,85,1.1,33.53213583
605,25.9,29.8,24.8,85,1.1,34.68386733
606,26.3,30.1,24.6,84,1.2,34.96903976
607,26.3,28.6,24.9,83,1,32.86997004
608,25.6,26.8,24.8,87,0.6,30.89404051
609,26.8,32.2,24.6,84,0.9,38.25312256
610,27.5,34.3,24.6,79,1.3,40.64128768
611,29,33.2,25.2,75,1,38.78069996
612,29.5,33.3,26.5,72,0.9,38.68651775
613,30.1,35.1,26.6,71,1.7,40.69735854
614,30.8,36.6,26.4,69,1.8,42.63374522
615,26.1,28,23.8,82,1.6,31.55906253
616,27.1,31.5,23.7,74,2.5,35.25177205
617,27,30.8,24.5,67,2.5,33.63838536
618,26.5,31.1,23.3,65,2.5,33.87236084
619,26.7,30.9,23.7,65,3.1,33.2081766
620,26.7,30.9,24.5,68,3.1,33.47527706
621,26.6,31,24.7,70,3.7,33.40289365
622,26.3,30,23.9,78,4.1,32.43179718
623,28.3,33.1,25.7,75,2.2,37.85427542
624,26.6,30.5,24.3,78,2.5,34.18310826
625,26.4,30.3,24.6,70,2.8,33.01470381
626,26.1,30.8,22.8,66,2.6,33.48485723
627,25.9,30.7,22.4,65,2.6,33.25964374
628,26.9,31.8,24.8,69,2.9,34.95199625
629,27.1,30.3,24.2,75,2.1,33.89989694
630,28.6,33.5,25.1,72,1.2,38.78196726
631,29.2,33.6,26,71,1,38.95383298
632,27.4,31.8,25.7,75,1.7,36.29416984
633,27.3,30.7,25.2,69,3.1,33.28674489
634,26.1,29.4,24.3,74,1.7,32.81758466
635,23.7,24.9,22.7,84,1.3,27.62545751
636,26.3,28,23.8,85,5.4,29.31512579
637,29.2,30.8,27.3,80,3.2,34.33425118
638,29.5,35.8,25.9,79,0.8,43.26102597
639,29.2,33.8,26.4,79,1.1,40.01789906
640,25.3,28.3,23.3,85,4.2,30.51971234
641,29.8,34.3,26.6,74,2.4,39.38740871
642,29.8,33.6,27,74,3.4,37.70481184
643,29.3,33.9,26.8,75,3.7,38.05650075
644,27.6,31,26.1,77,4.1,33.76968302
645,26.7,30.3,25.2,73,3.5,32.81781969
646,26.3,29.9,24.4,80,0.9,34.53828494
647,23.2,24.5,21.9,88,2,26.87540536
648,24.1,26.7,22.5,76,2.1,29.01100443
649,21.7,23.1,20.4,78,1.8,24.55079228
650,23.1,25.1,20.7,64,3.5,25.19572884
651,23,26.3,21.2,64,4.1,26.35297454
652,23.4,27.3,21.3,68,3.7,28.20618843
653,23.9,28.1,20.5,73,3.3,29.91194056
654,24.5,27.8,22.8,78,4.2,29.29163466
655,24.5,27.7,22.7,74,4.6,28.5976879
656,23.3,24.9,22.6,80,4.4,25.35929287
657,24.9,26.6,23,81,4.6,27.59807997
658,26,27.8,22.7,73,4.5,28.72422218
659,24,26.2,22.4,83,3.5,27.90185891
660,23.8,24.4,22.8,86,3,25.96737994
661,25.1,28.6,23.7,86,1.7,32.64904124
662,24.7,26.9,23.5,87,2.3,29.92899611
663,24.7,26.5,23.8,78,4.3,27.44903562
664,25.7,29.2,23.7,73,3,31.61457229
665,26,32,23.1,77,2,36.57651629
666,24.9,27,23.7,81,4.2,28.40764369
667,26.6,31.5,24.1,78,1.1,36.53024621
668,24.7,29.4,22.9,81,2.4,32.93455888
669,22.2,23.8,20.9,82,3.5,24.59818816
670,22.5,25.1,21.3,80,3.1,26.47241106
671,20.7,22.2,19.6,85,2.8,23.10520391
672,22.1,23.6,20.5,87,3.2,24.81806977
673,25.4,29.2,22.8,81,3.7,31.805772
674,26.9,32.6,22.8,78,2.2,37.41926972
675,28.1,32.5,25.7,75,3.2,36.33001781
676,27.2,31.5,24.7,80,0.8,36.9094833
677,26.8,31,23.7,80,1.2,35.92330703
678,24.7,30.3,21.6,82,2.4,34.30716732
679,21.4,22.4,20.4,78,4.4,21.95042733
680,21.3,23.5,19.8,82,4,23.87504066
681,23.5,27.5,21.1,84,3.9,29.51305061
682,24.4,28.6,21.8,83,1.2,32.73997004
683,23.6,26.6,22.5,83,3.1,28.71194614
684,24.3,27.2,22.2,80,4.3,28.54653631
685,26.7,32,24.1,77,1.7,36.77151629
686,26.9,33.1,22.7,74,1,38.53347175
687,26.6,32.2,23.7,78,1.6,37.2231138
688,24.5,27,23.5,81,4.3,28.34264369
689,24.3,27.4,21.5,83,4.6,28.8454918
690,23.7,25.8,21.3,81,3,27.5470287
691,25,28,23.7,78,3.8,29.82764484
692,24.3,27.5,22.6,82,3.5,29.62666846
693,22.8,24.1,21.9,77,3.1,24.95838917
694,21.5,24.8,18,78,2.6,26.2706303
695,16,18.6,13.5,64,3,17.43052212
696,16.2,19,13.6,64,4.3,17.07067922
697,20.4,24.2,17,75,4,24.38462547
698,22.4,28,19.3,75,1.3,31.22658158
699,20.9,22.6,19.7,84,2.4,23.83798681
700,21.8,24.8,20.6,83,3.1,26.25772199
701,22,25.1,19,81,1.4,27.64095369
702,18.2,21.1,16.6,71,3.9,20.25282052
703,17.2,18.2,16.1,70,4.5,16.22206718
704,21.7,26.5,16.6,77,3.8,27.70500952
705,17.9,20.3,17.1,89,1.7,21.53605035
706,18.5,20,17,78,3.5,19.46333819
707,19.3,20.5,18.3,83,4.8,19.49285447
708,21.9,24.4,20.5,81,3.6,25.27264854
709,20.4,23.9,18.1,85,1.3,26.33865289
710,18.9,20.1,17.9,79,2.9,20.02682387
711,18.2,20.5,16.6,86,3.1,20.74217451
712,21.3,25.3,18.6,83,4,26.34906148
713,21.1,23.8,18.6,85,3.2,24.96957309
714,17.4,18.7,16.2,81,3.6,17.89311362
715,14.9,16.6,13.2,65,2.7,15.25933578
716,12.4,14.6,11.3,61,2.9,12.622336
717,16,17.9,12.6,67,2.5,17.03285078
718,18.4,21.5,16.6,80,4.2,21.02198631
719,21.4,25,18.9,73,2.1,26.54611253
720,20.8,22.8,19,84,2.6,23.97194855
721,23.9,30.5,18.8,78,1.6,34.76810826
722,22.9,27.8,20.3,80,1.6,31.13059965
723,21.9,26.5,19.9,85,1,30.0772183
724,17.6,20.6,16.3,86,2.5,21.2617181
725,17.7,18.8,16,79,2.9,18.38734435
726,17.2,19.1,15.2,88,1.7,19.94090766
727,16,17,15,78,3,16.04589994
728,17.5,19.9,16.2,70,3.7,18.83604614
729,16.1,16.8,15.5,86,3,16.1053718
730,16.4,17.4,15.2,75,3.6,16.03012449
731,19,22.1,16.5,79,3.9,21.94037115
732,18.9,20.4,17.2,85,0.6,22.18995679
733,19.1,20.1,18.3,91,1.1,21.76003762
734,20.6,23.4,18.7,92,0.4,26.65660358
735,20.7,24.5,19,89,1.2,27.45671678
736,18.9,20.5,17.1,87,1.7,21.70028119
737,17.9,19.7,16.8,80,3.1,19.43598644
738,17,18.4,15.9,81,2.2,18.42635972
739,17.1,19.6,14.4,77,4,18.58783912
740,19.6,23.3,15.7,82,1.7,25.10535815
741,17.4,20.2,16.4,90,1.3,21.71326468
742,16,17.5,14.5,86,2.5,17.30690173
743,14.3,15.2,13.6,85,2.5,14.4133643
744,14.7,15.6,13.3,80,2.3,14.85859902
745,15.8,17.1,14.3,87,0.9,17.88423403
746,18.1,21.3,15.3,85,2.8,21.92688765
747,17.1,19.2,13.8,92,1.1,20.63668973
748,14.8,17.9,12.8,75,2.8,17.16523595
749,13.5,15.5,12.8,85,3.3,14.26226725
750,14.8,17.3,12.6,88,4,16.15968701
751,16.3,17.5,14.7,92,1.3,18.32633673
752,15.1,16.4,13.8,91,2.7,15.98815911
753,10.6,14.6,7.3,86,1.8,14.16657207
754,5.6,7.6,4,74,2,5.446851561
755,7.8,9.9,5.3,66,2.1,7.838492888
756,14.8,19.9,8.6,67,2.8,19.28197273
757,18.3,23.6,14.1,75,1.5,25.2259567
758,17.5,19.5,16.2,90,1,21.00007074
759,17.4,18.1,17,93,1.4,19.06794445
760,16.4,17.4,15.6,90,1.8,17.79494939
761,17.7,19.9,16,81,4.3,18.95598196
762,14.2,18.3,11.7,86,3.1,17.92582582
763,12.3,13,11.5,97,2.5,12.095095
764,14.3,16,12.7,96,3.1,15.4083993
765,17,21.1,14.6,91,1.4,22.87607982
766,14.6,16,13.4,88,1.2,16.35311602
767,11.8,13.4,9.4,70,1.5,12.40916102
768,11.2,16.9,8.1,69,1.4,16.61707577
769,12.8,21.2,6.1,64,1.5,21.58706109
770,16,23.8,9,68,1.5,25.07505847
771,19.2,27,11.9,70,1.3,29.51074146
772,20,27.2,16.9,84,1.1,30.91421313
773,21.9,28.2,17.7,82,0.8,32.35928795
774,23.4,30.5,18.6,77,1.3,34.87608123
775,17,21.8,11.2,86,2.2,23.02216738
776,11.3,12.3,9.7,85,2.4,10.95943529
777,12.4,13.4,11.6,75,2.8,11.71760109
778,13.4,15.2,12.3,80,2.8,14.04598993
779,16.3,19.1,13.2,87,3.2,18.92179508
780,16.1,17.7,14.4,90,1.4,18.43505185
781,14.4,15.9,13.4,68,1.9,15.05271476
782,15.8,18.7,14,59,4.5,16.36153955
783,17.5,24.9,14.8,72,1.1,27.00196358
784,14.9,16.5,13.4,84,1.7,16.50154246
785,13.4,14.3,12.5,86,3.8,12.49985002
786,13.8,14.8,12.9,78,3.9,12.77777538
787,14.1,15.5,13.2,88,2.9,14.62770021
788,15.3,15.9,14.9,93,1.2,16.40908048
789,18.3,23.4,14.7,71,2.4,24.15124841
790,16,19.2,12.9,62,3.4,17.81005178
791,15.4,19,12.8,53,4.8,16.2634531
792,18.4,24.4,13.9,53,3.4,23.69615275
793,19.6,26.4,14.1,56,1.3,27.7537866
794,20.8,27.1,15.9,63,1.1,29.27347135
795,22.6,29.4,17.5,65,1,32.53718923
796,22.2,27.1,19.1,71,1,29.91046771
797,22.9,28.2,18.8,71,1.6,31.00070055
798,23,28.5,20.5,73,0.8,32.08284487
799,17.3,22,14.7,82,3.2,22.42414754
800,12.8,15,11.2,87,2.3,14.36602869
801,12.2,13,11.1,89,2.6,11.79091191
802,14.7,16.5,12.3,90,2.5,16.2062955
803,16.9,20.7,14.7,88,0.7,22.65880409
804,14.4,15.4,13.5,74,2.7,14.14507383
805,14.1,15.2,13,84,3.1,13.98888943
806,16,17,14.6,91,0.8,17.97854993
807,19.4,22.6,16.4,84,1.5,24.42298681
808,19.9,22.6,17.5,89,0.7,25.21643841
809,19.6,20.6,18.8,90,1.5,22.10533289
810,18.6,20.7,16.6,75,3.9,19.94567394
811,18,19.7,16.4,79,3.6,19.0651991
812,19.9,24.4,17.9,80,1.1,26.83670227
813,17.2,18.8,13.4,85,2.3,19.03711734
814,12.8,14,11.5,82,2.4,12.91642075
815,11.5,12.5,10.9,90,1.2,12.12418413
816,13.8,18.9,9.8,66,2.4,18.27138089
817,13.8,18.6,11.4,69,1.2,18.81431291
818,16,22.5,9.4,55,2.7,21.93479158
819,19.4,27,12.6,52,1,28.42626509
820,19.9,24.4,16.5,65,1,25.98750809
821,19.9,23.9,17.6,74,1.1,25.81801546
822,20.8,23.4,18.2,71,3,23.76124841
823,24.1,30.3,19.2,67,0.9,33.99158793
824,25,30.5,21.1,71,1,34.54891906
825,23.5,28.8,21.4,76,1.4,32.34080212
826,24.2,28.8,21.4,71,0.8,32.33614409
827,25.7,32.9,21.3,69,0.8,37.87395907
828,27.3,32.7,23,68,1,37.36064709
829,24.1,30.9,21.4,75,1.5,35.13851146
830,23.6,27.6,21.5,75,1.1,30.81045255
831,23.2,28.9,20.4,81,0.8,33.26650736
832,20.3,21.3,19,84,2.3,22.20135956
833,22.9,27.6,20.3,80,1.1,31.17854939
834,22.2,25.3,20.9,91,1.1,28.74847705
835,21.1,23.1,19.5,91,2.9,24.56859099
836,21.6,23.9,18.3,87,3.2,25.22195061
837,25.1,28.9,21.7,82,1,33.21589634
838,22.7,24.9,20.9,84,2.9,26.58545751
839,19.4,22.8,17.1,89,2.2,24.5087312
840,22.2,26.1,18,72,4.3,26.5031576
841,25.8,32.8,20.9,69,1,37.6014938
842,27.7,33.1,23.1,72,1,38.3318644
843,27,31.8,24.4,73,1.3,36.36677864
844,27.1,33.2,23.3,72,1.1,38.41159196
845,25.9,30.2,24.1,80,1.2,34.77184758
846,25.5,30.6,23.1,78,1.7,34.84594388
847,26.6,32.9,22.8,74,1.1,38.1773619
848,26.9,32.8,23.4,74,1.3,37.90210929
849,22.2,27,19.5,73,3.2,28.48898753
850,22.4,27,19.4,58,3.7,27.09775721
851,23.7,29.4,20.7,67,1.3,32.50561043
852,23.7,27.6,21,80,0.9,31.30854939
853,27.8,34,22.2,66,1,39.00564879
854,27.6,34.2,24.7,66,2.6,38.25182888
855,28.3,33.9,24.7,64,1.5,38.32702731
856,27.1,33.6,24.3,70,1.2,38.72017336
857,29.3,36.1,23.7,70,1.3,42.33023181
858,29.5,34.6,26.3,70,1.6,39.91479697
859,27.5,33.7,25.3,73,1.5,38.98245857
860,27.6,33.3,25.2,72,1.3,38.42651775
861,27.7,32.3,23.6,71,1.4,36.82470821
862,21.9,25,19.9,71,3.9,25.24978068
863,26.9,31.5,22.2,65,2.2,34.61770518
864,27.7,33.2,24.2,69,3.2,36.74248396
865,28.8,33.2,25.8,67,3.6,36.2797453
866,28.6,34.1,26.3,66,1.5,38.82364461
867,21.9,27,19,73,3.7,28.16398753
868,20.7,21.6,19,71,3.9,20.882887
869,24.5,29.7,21.4,73,1.9,33.02161695
870,24.9,28.2,23,70,2.1,30.59946533
871,26,31.8,22.6,68,1.9,35.50830065
872,26.4,29.6,24.6,74,1.4,33.29051865
873,26.8,29.2,25,77,2.3,32.39267215
874,26.4,30.6,24.9,82,2.8,34.48104356
875,25.5,28.1,24.9,83,3.4,30.60487762
876,26.3,30.1,24.8,78,2.1,33.87367978
877,28.7,34.9,24.5,71,1.1,40.79153984
878,28.4,35.1,25.7,76,1.2,41.58562322
879,29.9,36.2,25.7,74,1.2,43.02364459
880,31.7,36.7,27,64,2.4,41.77898061
881,31.1,35.8,28.9,67,1.6,41.33611063
882,31.8,37.3,27.7,64,1.6,43.18413171
883,33,38.7,28.8,56,2.5,43.59748836
884,27.8,31,25.9,76,1.8,35.17514168
885,30.3,35.7,25.9,73,1.4,42.01777692
886,32.1,37.1,27.6,62,2.1,42.3118768
887,28.1,33.8,24.6,74,1.5,39.23379153
888,26.4,30.6,24.7,82,0.9,35.71604356
889,27.9,34.1,24.6,74,1.5,39.67632881
890,28.7,34.5,24.9,66,1.7,39.26752001
891,28.5,35.1,25.7,71,1.6,40.76235854
892,27.4,31.5,25.7,76,1.2,36.28100913
893,27.4,29.5,25.7,79,0.9,33.88737396
894,28.6,32.8,26.1,73,1.1,37.93298619
895,28.5,35,24.7,73,2,40.57841013
896,25.7,28.3,24.5,85,1,32.59971234
897,30.4,36.1,24.1,71,1.4,42.3842494
898,32,37.4,27.3,64,2.4,42.81237847
899,29.2,36.8,24.6,76,1.5,43.99486837
900,27.7,35.1,25.1,79,1.5,41.72858203
901,29.9,36,24.9,68,1.4,41.87898418
902,29.9,37.1,27.2,69,1.6,43.51671773
903,29.3,37.1,26.1,70,1.6,43.64240929
904,31.5,37.7,26.5,66,1.7,43.9730711
905,31.1,37.3,28.1,70,1.3,44.14151906
906,30.2,36.7,27,70,1.8,42.90688504
907,30.4,36.4,26.8,69,1.4,42.59408583
908,30.3,35.5,28.1,72,1.7,41.40669746
909,31.3,37.1,27.2,67,1.5,43.33033461
910,29.3,36.4,26.6,74,1.4,43.19901959
911,29.1,35.4,24.9,78,1.3,42.20438546
912,29.6,35.2,25,73,1,41.52713566
913,30.6,36.5,27.2,71,1.1,43.18210588
914,28.9,35.8,25.9,76,1.3,42.58479714
915,28.9,36.1,24.8,75,1.2,42.99031979
916,30.1,35.4,25.9,71,0.9,41.66267138
917,31.7,36.6,27.4,62,3.1,40.93253918
918,32.2,36.3,29.1,61,4,39.79196245
919,29.3,33.4,27.2,77,3.8,37.45918721
920,28.5,30.7,26.8,81,5.6,32.71804835
921,30,35.3,27,73,2.9,40.44182475
922,27.7,34.9,25.6,91,1.2,42.95486092
923,27.7,34,25.6,89,1.2,41.3135264
924,28.9,36.6,25.9,79,1.6,43.9868967
925,30,36.1,26.2,72,1.3,42.568267
926,30.2,35,27,72,1.6,40.72637711
927,31.6,36.6,26.9,65,2.3,41.81948463
928,32.4,37.7,27.5,63,2.4,43.12852242
929,30.2,38.2,27.1,71,1.5,45.52475636
930,27.9,37.1,23.9,76,1.4,44.52655866
931,28.5,35.3,25.4,74,1,41.79072646
932,29.1,36,26.4,74,1.5,42.52418867
933,30.6,35.8,26,69,1.4,41.70026319
934,31.4,37.2,26.8,64,1.6,43.03609247
935,31.2,36.4,27,64,1.6,41.85915207
936,30.8,35.9,28.1,68,1.8,41.47098122
937,30.6,35.5,27,66,1.9,40.58572267
938,31.1,35.1,27.9,65,1.2,40.34644091
939,32,38.5,26.9,60,1.7,44.36970933
940,32.2,38.5,27.4,63,1.3,45.0364448
941,32.3,38,28.4,60,1.8,43.56837115
942,31,35.9,27.5,63,2.6,40.36237966
943,31,35.1,28.6,68,4,38.86439973
944,31.6,35.6,27.2,61,4.5,38.46263936
945,30.7,37.3,28.1,67,1.4,43.69532539
946,30.4,36.6,27,68,1.4,42.77143007
947,31.9,37.8,27.3,62,1.2,43.92634893
948,31.4,37.2,27.9,66,1.5,43.35384536
949,30.6,36,28.5,69,1.8,41.7373516
950,29.7,34.2,26.8,71,1.6,39.43772501
951,30.7,35.9,26.9,68,1.4,41.73098122
952,30.5,36.2,28.4,73,1.5,42.70897371
953,30.4,36.1,27.1,73,2.6,41.8422846
954,28.3,31.1,26.1,82,1.3,36.18323983
955,30.3,34.8,27.4,69,2.5,39.51234084
956,28.7,31.7,26.2,75,2,35.95554948
957,31,35.9,26.9,61,2.8,39.99693904
958,31.4,35.9,28.3,60,2.9,39.81421873
959,30.5,36.3,27.7,67,1.5,42.13892597
960,29.9,34.5,27.5,69,1.3,39.85445274
961,29.6,34,26.5,73,1.1,39.68261154
962,29.2,35.4,26.1,73,1.5,41.50173255
963,30,36.7,25.8,70,1.6,43.03688504
964,30.4,35.6,27.2,69,2.2,40.88401829
965,30.9,35.8,27.4,62,2.5,40.16572924
966,30.8,36.6,26.8,64,2.1,41.82716948
967,30.8,35.9,27.5,64,2,40.87009998
968,30.9,37.6,26.3,63,1.4,43.63034938
969,31.2,36.8,26.9,64,1.9,42.25099441
970,28.8,33.5,26.5,77,1.4,39.16738166
971,26.7,30.3,24.7,78,1.9,34.28801281
972,27.7,31.9,24.7,61,2.2,34.79381463
973,28.7,33.1,25.7,54,2.3,35.6723983
974,29.1,34.9,24.6,57,1.3,39.10171508
975,29.6,35.3,25.1,57,1.5,39.52939741
976,28.5,34.3,26,70,1.6,39.47630554
977,27.9,31.8,26.1,82,2.2,36.62503902
978,29.7,34.4,27.1,75,3.3,39.05914298
979,28.8,31.5,27.5,79,3.2,35.25736476
980,28,30.3,25.4,78,1.2,34.74301281
981,29.4,34.7,25.3,73,1.2,40.65194045
982,29.4,34.2,26.9,70,1.2,39.59054578
983,27.2,30.6,25.3,83,1.5,35.41356848
984,26.5,32.3,24.8,87,1.1,38.56172696
985,28.6,34.6,25,78,1.1,41.11645948
986,27.3,32.3,25.8,81,1.4,37.78846993
987,28.8,33.6,25.8,74,2.8,38.09481184
988,28.1,29.9,25.6,74,6.6,30.32873857
989,28.7,30.4,26.5,73,2.2,33.80280684
990,29.7,35.9,25,69,1.8,41.58870154
991,26.2,27.9,24.8,87,2.8,31.0138098
992,25.4,28.5,23.8,82,1.6,32.26100382
993,26.2,28.6,24.1,72,1.5,31.68670895
994,25.5,28.5,23.6,74,2.8,30.86041808
995,26.9,30.8,24.4,69,3.6,33.10044164
996,26.5,29.6,23.9,76,4,31.76582996
997,26.1,30,23.9,77,4,32.41222286
998,26.8,30.4,24.5,73,4.5,32.30780684
999,27.1,30,25.6,80,3.8,32.79594583
1000,27.9,31.5,25.7,81,3,35.57160184
1001,26.7,29.7,24,88,8.6,29.91359304
1002,29.2,32.2,27,73,3.5,35.50893984
1003,28.8,33.3,26.7,74,1,38.82539325
1004,28.6,34.4,25.8,72,1.3,40.03401726
1005,29.4,32.9,27.2,65,4,35.3952368
1006,29.5,35.4,26.2,65,3,39.61048789
1007,28.8,33.2,25.6,68,1.7,37.61611463
1008,28.3,32.8,25.5,66,1.5,36.9791245
1009,27.7,31.3,26,73,4.5,33.57584212
1010,28.7,33.6,25.7,71,4.3,36.80883298
1011,26.2,27.8,25,81,2.9,30.36008214
1012,26.5,31.6,23.9,83,1.3,37.00825648
1013,23.2,24.3,21.7,83,2.3,26.10539154
1014,23.2,24.1,21.9,89,1.3,26.84673553
1015,25,28.1,23.3,86,2.5,31.41725874
1016,23.7,24.5,22.9,86,2.9,26.16778251
1017,24.5,26.4,23,81,2.9,28.42931633
1018,25.4,26.5,23.9,82,2.7,28.76514001
1019,26.4,30.7,24.8,86,3.1,34.7831748
1020,28.5,32.3,25.7,74,4.6,35.03383672
1021,27.9,31.9,25.9,76,4.7,34.58221168
1022,28.5,32.9,26.2,72,3.9,36.15800077
1023,28.9,32.1,26.9,70,4.8,34.23472391
1024,29.6,33,26.7,70,5.2,35.25685276
1025,30.6,34.4,28.7,67,1.8,39.16714106
1026,28.4,33.3,26.2,78,0.9,39.29814423
1027,27.8,33.6,25.5,76,2.3,38.62713108
1028,26.7,29.8,25.3,74,4,31.87915509
1029,28.7,33.9,25,69,1.4,38.91906069
1030,29.3,33.7,27.1,71,0.9,39.16398025
1031,28.2,32.8,25.2,73,1.1,37.93298619
1032,28.2,32.4,25.2,74,1.9,36.93309521
1033,23.9,27.1,22.1,80,4.6,28.21396362
1034,22.5,24.1,21.4,73,3.8,24.26394038
1035,23.7,27.2,22.4,73,4.3,28.04310189
1036,22,23.5,20.8,73,4.3,23.16034107
1037,20.5,21.5,19.2,69,3.8,20.71933819
1038,21,22.7,19.5,70,3.3,22.61457811
1039,21.5,22.9,20.9,80,3,23.6213828
1040,23.9,29.5,19.8,72,1.4,32.98710032
1041,24.9,30.3,19.8,68,2,33.36262656
1042,26,31.1,23.2,62,2.5,33.60220573
1043,22.8,27.8,19.8,73,1.7,30.54422218
1044,19.6,20.6,18.6,73,3.1,20.24247001
1045,19.4,20.5,18.7,84,1.8,21.49096115
1046,21.4,24.2,19.6,67,4.3,23.70785208
1047,24.5,29.8,21.8,67,1.3,33.04888366
1048,25.6,32.5,20.9,69,1,37.17521638
1049,25.6,31.7,22.1,74,1,36.51238215
1050,24.3,27.5,23,75,4.3,28.59433091
1051,24,27.1,22.4,72,4.9,27.44696725
1052,25.7,30.3,22.9,69,3.1,32.73366518
1053,25,30.1,22.4,70,1.4,33.6481998
1054,25.4,31.1,21.3,72,1.2,35.34772278
1055,24.6,29,21.8,74,2.6,31.67880061
1056,22.7,24.3,20.8,84,1.6,26.62097457
1057,22.8,24.9,21,83,2.8,26.58766635
1058,19.9,21,18.6,86,3.2,21.32627632
1059,18.6,20,17.6,82,4.1,19.25991963
1060,21.4,24.1,19,80,5.2,23.77297576
1061,23.1,29.4,19.1,77,2,32.86771647
1062,18.9,19.6,18.3,85,2.1,20.18687435
1063,19.9,21.9,18.7,63,4.6,20.38804349
1064,21.1,24.1,19.3,66,4.4,23.454905
1065,22.6,25.1,20.5,76,3.2,26.1532405
1066,20.1,22.3,18.7,81,3,22.89203451
1067,19.6,21.3,18.8,79,3.9,20.90871911
1068,21.6,24,19,83,4.1,24.53388135
1069,23.2,27.2,21.2,80,1.8,30.17153631
1070,22.1,23.7,21.2,77,3.5,24.17310687
1071,19.9,21.2,19.4,65,3.2,20.5322808
1072,20,21,19.1,69,4,19.96294263
1073,20.4,22.1,19,76,3.2,22.23620515
1074,21.2,22.2,20.6,73,3.6,21.94465747
1075,20.9,23.4,18.8,76,4.2,23.26823774
1076,19.8,21.8,18.5,81,3.5,21.91669253
1077,22,27.7,18,75,1.2,30.88173774
1078,20.6,25.9,17.4,74,1.2,28.38643773
1079,18.6,20.3,16.1,70,2.4,20.17821938
1080,15.2,16.5,13.9,66,2.8,15.11228336
1081,15.1,16.2,14.4,58,3.1,14.26454972
1082,18.4,22.8,13.9,60,3.3,22.18839182
1083,21.6,27.4,15.9,61,2.1,28.86966265
1084,22.2,28.4,16.7,70,2,30.93474755
1085,24.6,29.1,21,72,4.2,30.61636665
1086,25.6,30.6,22.7,70,1.9,34.0157445
1087,21.1,23.6,18.1,79,2.5,24.80832773
1088,18.5,20.7,17.3,62,5,18.59754379
1089,19.4,21.9,17.2,62,5.3,19.8806301
1090,22.9,27.2,19.7,64,3.9,27.65582905
1091,23.1,27.9,19.5,70,1.7,30.45521478
1092,16.7,21.2,12.6,72,3,21.01381873
1093,14.9,16.5,12.6,75,2.7,15.51441291
1094,15.9,16.6,15.1,70,3.4,14.99282315
1095,18.1,20.7,16,68,4.3,19.3447577
1096,20.8,25,18,74,3.8,25.50427845
1097,22.6,27.3,19.9,66,3.4,28.25650642
1098,21.4,26.4,17.8,73,1.9,28.53034682
1099,20.7,22.3,19.8,83,3.5,22.67444277
1100,23.2,27.3,20.4,73,3.5,28.69789346
1101,22.4,27.1,19.2,75,0.7,30.39146589
1102,22.2,26.2,20.2,78,1.8,28.66777102
1103,22.6,27.1,21.2,79,1,30.48246407
1104,20.2,22.8,18.2,78,2.4,23.76980937
1105,17.7,18.7,16.8,69,4,17.11680049
1106,18.7,21.5,16.9,66,4.2,20.3058887
1107,19.5,21.6,18.3,73,4.7,20.4658134
1108,20,22.3,18.3,80,3.5,22.51333038
1109,15.7,18.4,14.1,83,3.4,17.73081305
1110,13.7,15.4,12.4,83,3.8,13.74435308
1111,14,14.7,13.3,81,3.4,13.08210041
1112,15.1,16.3,13.5,79,3.5,14.89885742
1113,19.2,23.2,16,72,3.6,23.17113726
1114,20.2,24.8,18,78,0.9,27.3756303
1115,19.3,22.6,18,80,1.2,24.39922553
1116,14.3,18,12.2,73,2.9,17.14121255
1117,14.3,15.9,12.4,68,2.5,14.66271476
1118,14.9,18.7,13.7,59,3.5,17.01153955
1119,14.7,15.7,13.6,61,4.3,13.00441237
1120,14.5,16.1,13.7,74,4,14.14629377
1121,15.4,17.3,13.7,75,3.3,16.10241507
1122,16.4,19.9,14,66,3.7,18.65061493
1123,18.5,24.8,14.6,70,2.7,25.7062836
1124,20.3,26.3,16.6,75,1.2,28.98837641
1125,20.7,26,17.4,74,0.6,28.9096412
1126,17.5,20.3,14.3,78,3.9,19.58335873
1127,16.1,18.5,14.1,79,4.8,16.77684299
1128,17.1,18.5,14.9,76,4.7,16.71436794
1129,15.6,16.7,14.6,73,4.7,14.38243306
1130,19.8,25,15.8,69,3.5,25.38344883
1131,19.7,25,17.4,76,0.7,27.6456103
1132,19.2,23.6,17.5,75,2.3,24.7059567
1133,17.9,19.8,16.7,62,5.2,17.36845123
1134,17.9,20.8,16.7,62,5.4,18.46015801
1135,17.9,22.4,15.1,72,2,23.18624062
1136,11.7,15.2,10.4,69,1.8,14.31676631
1137,11.9,13.7,10.4,56,2.6,11.61038444
1138,12.4,14.9,11.5,55,3.2,12.57591491
1139,14.4,15.8,12.3,60,2.9,13.99650815
1140,16.3,20.2,14.1,61,3.9,18.65373495
1141,16.9,21,15,55,4.3,19.07343253
1142,19.8,26.2,15.6,55,2.8,26.45796674
1143,19.4,26.8,14.2,59,1.1,28.60194701
1144,20.8,27.9,15.4,61,1.5,29.91095859
1145,19.8,23.6,18,71,3.3,23.82358568
1146,21.5,27.9,17.7,61,2.5,29.26095859
1147,20.6,25.9,17.2,71,1.5,27.99155512
1148,19.5,23.3,16.6,74,5,22.50393296
1149,19.6,23.6,16,81,1.1,25.83451324
1150,15.7,19.5,12.7,77,3.8,18.59217163
1151,13.1,14.1,11.8,84,1.6,13.62165247
1152,14.2,15,13.4,85,1.9,14.55795907
1153,13.3,14.6,12.2,82,1.3,14.3588943
1154,15.3,16.3,13.9,66,2.6,15.00304544
1155,14.7,16.2,13.9,77,3.6,14.637816
1156,16.4,20.2,14,74,0.9,21.21766207
1157,14.5,16.4,12.9,62,3.3,14.51873478
1158,16.9,21.2,13.3,62,3.4,20.25162168
1159,18.3,22.1,15.5,73,0.6,23.76703916
1160,20.5,26.2,15.5,72,0.9,28.84586556
1161,16,20.1,15,76,1.8,20.60102043
1162,14,15.8,12,69,3,14.25393437
1163,14,15.2,12.7,79,1.9,14.59651506
1164,16,17.4,14.5,76,4.3,15.61477948
1165,17.4,18.2,16.6,86,2.4,18.25428253
1166,19.7,23.9,16.4,81,3,24.99705746
1167,21.8,28.8,18.6,78,1.4,32.49866534
1168,18.3,21.1,14.9,86,1.2,22.756515
1169,14.2,15.1,13.1,76,2.2,14.177321
1170,16.1,17.2,14.6,66,3.5,15.49739174
1171,16.2,18,14.9,84,1.2,18.69920349
1172,18.1,21.4,15.7,83,3.4,21.5655647
1173,19.9,26.1,17.4,82,1.1,29.25734615
1174,19.5,20.9,17.8,84,2.5,21.55256914
1175,21.8,25,18.5,79,0.9,27.70510808
1176,18.7,21.6,16.4,78,4.3,20.98312938
1177,20.9,26.8,17.3,74,3.1,28.3557471
1178,18.9,24,16.9,79,2,25.66086298
1179,21.1,25.9,17.9,69,3,26.88330005
1180,16.6,21.1,13.8,83,1.3,22.5417761
1181,14.4,15.8,12.6,77,1.9,15.25553546
1182,19.1,25.1,12.5,56,3.8,24.49238774
1183,22.2,27.3,17.7,57,1.9,28.58043736
1184,21.5,27.2,18,66,1.6,29.29466746
1185,22.8,29.3,18.3,69,1,32.72767119
1186,18.8,26.8,13.6,77,1.7,29.47650712
1187,15.1,19.5,12.8,70,1.5,19.77061057
1188,17.2,23.3,11.5,49,2.6,22.63760426
1189,19.9,25.5,14.3,48,3.1,24.92831928
1190,22,27.8,17.3,53,2,28.85957227
1191,23.4,29.7,17.7,58,1.4,32.09964087
1192,23.5,26.3,20.8,65,1.1,28.37119289
1193,24,29,21.1,69,0.9,32.38455732
1194,25.7,32,21,67,1,36.27891678
1195,26.5,32.3,23,69,1.5,36.56695586
1196,28.8,35.5,23.6,59,2.6,39.32458542
1197,20.8,26,17.5,74,3.7,26.8946412
1198,17.7,18.3,17,75,4.3,16.68423182
1199,19.3,22.3,16.7,68,3.2,22.06388083
1200,21.2,24.3,18.5,76,0.9,26.59131032
1201,24.1,29.5,19.2,72,0.8,33.37710032
1202,25.4,32.1,22.7,70,1.3,36.50972391
1203,27.2,32.4,23.1,68,1.5,36.61157398
1204,26.4,28.2,25.5,73,1.2,31.41317098
1205,25.5,30.1,24,75,1.4,34.07349979
1206,25.9,29,22.8,70,1.3,32.20440598
1207,24.9,31.7,18.6,71,1.9,35.64788017
1208,17.7,18.9,15.9,73,2,18.83634553
1209,20,22.2,16.7,57,3.3,21.28559556
1210,21.4,24.1,18.9,70,1.8,25.38435379
1211,23.9,27.6,19.7,70,0.7,30.70235571
1212,23.9,29.6,20.2,71,1.7,32.84755167
1213,17.6,20.2,15.1,81,3,20.18323821
1214,19.4,24.2,15.1,58,2.6,24.27085703
1215,21.2,27.5,15.1,53,2.3,28.28412717
1216,23.9,30.3,18.5,59,1.3,33.04327892
1217,25.5,31.7,20,61,1.4,35.04120691
1218,25.9,30.4,22.4,66,1.1,33.91208563
1219,25.4,29.5,23.2,76,2.7,32.47082811
1220,27.4,32.3,23.4,69,1.1,36.82695586
1221,27.2,32.2,25,75,1.2,37.19560942
1222,24.2,26.7,22.5,79,3.5,28.31053092
1223,23.8,26.9,22.4,73,4.9,27.2496634
1224,26.7,32.6,22.7,69,1.2,37.18712321
1225,25.7,28.5,23.6,79,1.3,32.22328417
1226,28.2,33.2,23.3,68,2.4,37.16111463
1227,28.6,35,25.8,66,1.4,40.18417902
1228,27,32.6,24.6,74,1.5,37.48220461
1229,25,26.9,24.1,85,1.4,30.37266287
1230,26.2,32,23.5,73,2,36.19747649
1231,26,31.9,21.6,76,1.8,36.46721168
1232,21.2,22,20.4,88,1.8,23.65054858
1233,23.2,27,20.2,77,3,28.90331561
1234,25.8,29.8,23.2,65,4.2,30.99666325
1235,24.7,27.4,21.9,71,3.6,28.62231227
1236,25.2,29.6,21.5,70,3.1,31.85489602
1237,25,28.6,23.8,77,3.6,30.71182762
1238,26.4,30.4,24.1,73,3.3,33.08780684
1239,27.9,32.7,24.7,70,1.1,37.49278377
1240,27,33.2,22.7,74,2.1,37.96433063
1241,22.8,24,21.9,81,2.2,25.64987217
1242,23.7,25.8,21.8,69,3,26.75220963
1243,22.7,25.8,19.7,74,4.7,25.97838424
1244,23.7,26.3,21.7,77,5.1,26.58981311
1245,26.3,30.5,23.1,74,4.6,32.47000014
1246,27,31.2,24.9,76,1.6,35.59090951
1247,28.6,34.3,24.4,73,1.9,39.60463292
1248,30.1,34.1,26.6,64,1.9,38.35047356
1249,25.5,29.4,23.9,85,1.6,33.7814013
1250,24.6,26,23.6,88,1.6,29.1979517
1251,25.2,27.4,23.6,90,0.8,31.82484653
1252,27.8,32.1,24.8,79,0.9,37.62738842
1253,29.2,34.6,26,74,1.2,40.61312823
1254,30.1,35.5,26.1,69,1.2,41.38621006
1255,29.3,34.2,27,72,1.9,39.34990424
1256,30,34,26.5,69,1.3,39.12863283
1257,29.1,34.2,26.5,74,1.3,39.95426269
1258,28.4,34.8,25.9,78,1.5,41.15955921
1259,27.5,35,24.7,79,1.3,41.70560822
1260,27.8,34.4,24.9,79,1.1,40.92264394
1261,25.1,26.9,23,85,1.5,30.30766287
1262,22.6,23.4,22,87,2.3,25.13461425
1263,24,26.6,22.2,90,1.1,30.49797775
1264,23.5,25.5,22.2,89,1.7,28.5061545
1265,24.1,26.4,22.6,89,1.8,29.69328585
1266,26.6,30.3,23.6,82,1,35.21716732
1267,29,35,24.6,65,1.8,39.812146
1268,29.5,35.1,26.5,68,1.1,40.74939973
1269,29.6,35.3,25.5,67,1.6,40.6034145
1270,30.1,35.1,26.5,68,1.4,40.55439973
1271,30.5,34.6,26.9,66,2,39.21646571
1272,30.6,34.7,27.2,64,2.3,38.94522176
1273,31,35.6,27.7,63,1.8,40.44923409
1274,30.4,35.3,27.8,67,1.5,40.6684145
1275,30.3,35.6,26.7,65,1.4,40.94082882
1276,30.2,35.1,27,65,1,40.47644091
1277,29.1,35.2,26.6,70,1,41.18730817
1278,28.7,35.9,25.6,71,1.3,42.14914216
1279,29.5,35,25.2,68,1.2,40.53824505
1280,28.9,35,24.2,68,1.3,40.47324505
1281,28.7,34.7,26,69,1.6,39.95117659
1282,29.8,35.9,25.6,64,1.5,41.19509998
1283,30.3,34.9,27.3,62,1.6,39.46379535
1284,28.5,33.3,24.7,68,1.4,37.95376677
1285,28.3,34.4,24.8,69,1,39.90389154
1286,28.3,34.7,25.7,71,1.2,40.43155852
1287,29.1,35.6,26.3,72,1.2,41.88141039
1288,29.4,34,26.9,70,0.9,39.4946275
1289,30.4,35.1,26.9,67,1.2,40.57174679
1290,31,35.8,27.1,62,1.2,41.01072924
1291,30.7,35.3,27.5,61,1.4,40.05000425
1292,31,35.2,27.6,58,2.1,39.1129982
1293,31.4,35.4,27.6,56,2.4,38.96971264
1294,30.8,33.7,27.8,57,1.4,37.37963203
1295,31.5,36.8,28.2,61,1.2,42.33502593
1296,31.6,38,27.6,56,1.5,43.23547974
1297,32,37.9,27.8,55,1.7,42.83039757
1298,31.9,37.2,27.6,56,1.9,41.83008091
1299,31.5,35.3,28,54,2.9,38.27769228
1300,31.4,37.8,28,60,1.6,43.4052409
1301,31.3,35.7,28.1,62,1.2,40.86698862
1302,31.5,36.4,28,58,1.2,41.39323157
1303,30.7,36.6,28.2,60,1.4,41.79290889
1304,30.5,34.7,27.3,58,2.1,38.41407597
1305,30.9,35.6,28.3,68,3.6,39.85822092
1306,28.4,32.4,25.6,79,5.3,35.20769624
1307,31.1,34.4,26.4,64,4.4,37.15201534
1308,28.8,31.4,26.2,72,1.9,35.31605645
1309,30,33.7,26.5,65,1.4,38.2135453
1310,28.7,34.8,25.4,77,1.1,41.30875717
1311,29.5,35.1,26.5,75,1.2,41.47297029
1312,29.3,34.9,26.7,79,1.3,41.55286827
1313,31.6,37,26.7,66,2.2,42.60065306
1314,32.7,37.9,28.9,60,1.6,43.55170644
1315,33.2,38.5,29.6,59,1.8,44.16913084
1316,32.6,37.2,29.5,59,2,42.14421024
1317,32.7,37.4,29.4,55,3.1,41.20757525
1318,32.5,36.5,29,56,2.6,40.3823652
1319,32.1,37.4,28.4,60,1.9,42.62635482
1320,32.1,37.7,28.9,62,1.5,43.58367285
1321,31.8,37.2,28.9,64,1.5,43.10109247
1322,32.3,38.2,28.9,62,1.3,44.45411118
1323,32.2,37.6,28.3,60,1.6,43.11290418
1324,31.6,37.8,28.2,63,1.6,43.79690294
1325,31,36.8,28.3,66,1.3,42.88830674
1326,31.8,37.7,27.8,61,1.2,43.64882329
1327,30.7,36.6,27.6,65,1.7,42.20948463
1328,31.4,37.5,28.2,61,1.9,42.90048198
1329,30.2,34.5,27.6,70,3.4,38.59843032
1330,30.8,33.9,28,62,4.8,35.97121395
1331,30.4,35.2,27.5,66,1.6,40.34420485
1332,30,35.8,27.3,72,1.3,42.11649202
1333,31,37.3,26.6,63,2.3,42.60206715
1334,31.6,35.7,28.4,57,3.7,38.65981212
1335,30.3,37,25.5,66,1.7,42.92565306
1336,30.4,36.1,26.2,65,2.4,41.02014382
1337,30.9,35.4,28.2,64,3.8,38.9759573
1338,30.3,33.4,28.4,65,3.6,36.35908011
1339,29.9,33.1,27.5,67,4.3,35.68284604
1340,27.6,29.7,25.7,79,3.8,32.28540739
1341,26.4,28.9,24.7,81,3.1,31.77150736
1342,25.7,27,24.8,85,1.2,30.64197178
1343,28.3,32.8,24.4,77,1.3,38.19947859
1344,30.4,35.1,26.7,69,2.9,39.69205266
1345,31.9,36.2,29.3,63,2.5,40.86226499
1346,30.8,34.4,29.5,67,1.8,39.16714106
1347,29.5,34.1,26.7,74,1.3,39.80632881
1348,29.3,33.5,27.1,73,1.2,38.88505014
1349,29.8,34.5,27,68,1.3,39.74547517
1350,30.4,36.1,26.2,62,1.4,41.31309103
1351,30.2,34.6,26.4,65,3.2,38.3268829
1352,27,28.6,25.8,75,1.3,32.05078015
1353,26.9,28.9,24,68,2.2,31.32445062
1354,29.9,32.9,26.2,58,1.7,36.19247284
1355,29.6,34,26.2,57,1.4,37.79169668
1356,27.5,32.4,24.8,60,2.8,34.99121233
1357,27.2,31.6,23.2,57,3.1,33.42957373
1358,29.8,35.2,25.4,58,1.5,39.5029982
1359,31,36,27.4,58,1,40.95531004
1360,30.9,35.3,27.9,59,1.5,39.75720083
1361,30.7,35.7,28,61,2.1,40.16555332
1362,32.1,36.9,29,58,1.8,41.7172231
1363,31.4,35.7,28.9,59,1.5,40.32268272
1364,30.7,35.5,27.1,59,1.4,40.10458542
1365,31.6,37.1,27.3,57,1.3,42.20341899
1366,32,38.6,27.5,54,1.5,43.82972685
1367,30.7,35.6,27.8,58,1.6,40.00024726
1368,28.7,31.9,26.9,70,4.2,34.34185286
1369,29.9,33.7,27.1,64,3.8,36.54930614
1370,31.5,36.8,28.3,59,1.5,41.8927136
1371,31.4,36.4,27.8,63,1.1,42.06316532
1372,29.8,34.7,27,69,3.1,38.97617659
1373,26.5,29.1,24.8,80,3.5,31.71385184
1374,28,31.4,25.4,72,4.4,33.69105645
1375,28.2,31.6,26.7,78,4.2,34.66004826
1376,26.9,29.4,25.9,81,4,31.89455888
1377,27.9,31.2,26.4,80,4.9,33.80816791
1378,30.3,33.6,27.8,67,4,36.5891945
1379,30.1,34.6,27.4,68,4,38.13563134
1380,28.6,33.1,24.7,74,4.1,36.51847175
1381,25.6,26.5,24.6,87,3.4,28.6552705
1382,24.9,25.7,24,85,4.8,26.50476768
1383,26.2,27.6,25.4,87,4,29.80888496
1384,26.1,27.1,25.4,89,1.8,30.67745952
1385,28.2,34.3,24.4,77,2.2,39.84073609
1386,26.4,29.6,25.3,79,3.2,32.53379693
1387,25.3,27.6,23.9,82,2.1,30.67578812
1388,24.2,25.7,22.8,84,2.5,27.93392335
1389,23,24.6,21.6,83,1.9,26.76831363
1390,21.9,23.3,20.4,74,1.2,24.97393296
1391,21.9,24.9,19.4,55,1.5,25.67451385
1392,21.9,25.6,19.1,63,1.5,27.07271152
1393,22.1,25.4,20,69,2.2,26.74923443
1394,23,25.6,21.6,61,3,25.96680004
1395,23.1,27.5,19,61,2.3,28.8696558
1396,23,26.1,20.2,65,1.3,27.98122561
1397,22,24,20.5,71,1,25.83482622
1398,22.3,25.6,19.8,65,2.2,26.74862299
1399,20.4,22.7,18.7,62,2.8,22.49939775
1400,21.4,23.8,19.3,66,2.9,24.04746852
1401,23.7,28.1,20.5,76,2.9,30.39932167
1402,25.6,30.3,21.9,72,1.4,34.09678106
1403,22.9,25.1,21.2,80,1.4,27.57741106
1404,19.7,23,17.7,76,4.2,22.74826603
1405,20.7,22.2,18.9,75,4.9,21.20641521
1406,25.7,29.1,22,69,4,30.50543471
1407,27.5,32.4,24.3,68,1.7,36.48157398
1408,23.7,25.8,22.5,77,3.2,27.15208901
1409,23.5,25,21.9,79,4.3,25.49510808
1410,27,32.1,23.8,69,3,35.30942786
1411,22.2,25.2,20.5,77,3.5,26.15494078
1412,21.6,23.1,20.3,78,3.6,23.38079228
1413,22.8,24.3,21.2,81,1.9,26.24422548
1414,23,24.7,22,78,2.6,26.13770075
1415,23.5,25.6,22.1,73,3.3,26.5572689
1416,25.5,28.9,23,75,3.3,31.16517348
1417,26.2,31,23.5,71,0.8,35.37743499
1418,21.5,25.1,17,76,2.8,26.4132405
1419,17.6,19.4,16.4,80,3.8,18.60145084
1420,18.9,19.8,18.1,84,2.7,20.0070307
1421,21.2,23.6,18.6,84,3.1,24.70879151
1422,20,22.2,17.8,84,1,24.22182504
1423,17.3,18.5,16.2,76,2.2,18.33936794
1424,18.3,19.1,17.5,69,3.3,18.06276851
1425,18.5,19.3,17.6,88,1.7,20.19750055
1426,20.5,23.5,18.9,84,1.5,25.61552945
1427,21.6,23.3,19.5,80,4,23.49625185
1428,26,30.5,21.7,68,3.4,32.72783797
1429,25.7,30.4,22.7,73,1.4,34.32280684
1430,22.4,24.7,19.5,77,3.9,25.23065331
1431,19.2,20.5,18.8,80,4.4,19.60853442
1432,19.4,20.5,18.2,84,3.8,20.19096115
1433,20.4,21.9,19.4,82,2.8,22.55389787
1434,20,22.8,18.5,68,2,23.47624407
1435,16.9,18.8,15.4,66,2.6,18.01950288
1436,16.5,17.2,15.2,71,3.4,15.75817899
1437,17.3,18.7,16.4,87,1.6,19.45127018
1438,15.1,16.6,13.6,72,2,15.9782181
1439,15.2,16.8,13.6,81,2.2,16.43447809
1440,17.3,22.4,12.7,79,1.2,24.08445845
1441,18.1,18.9,17.6,62,3.6,17.31711538
1442,17,18.3,16.3,81,3.4,17.52101036
1443,17.4,18.7,16.2,84,4.7,17.3071919
1444,19.1,21.9,16.2,77,4.3,21.31683093
1445,21.1,24.7,18.6,71,3,25.44336863
1446,17.5,20.2,13.8,77,2.1,20.57933756
1447,13.5,14.4,12.8,79,3.2,12.7827792
1448,14.7,15.7,13.7,85,2.8,14.83373855
1449,14.4,15.1,13.5,85,3.1,13.90060901
1450,16.4,20.4,14.7,65,3.1,19.60873166
1451,16.6,18.8,14.7,57,4.5,16.39484339
1452,20,24.1,16.5,60,4.2,23.22573182
1453,21.5,26.4,16.9,64,2,27.84775612
1454,19.3,23.8,16.5,71,2.2,24.79644341
1455,17.1,18.2,16,58,4.4,15.78665566
1456,18.6,20.6,17.5,65,4.5,18.94524042
1457,18.8,20.9,17.3,65,4.2,19.51078564
1458,20.7,23.4,18.2,68,3.3,23.39405482
1459,19.5,23.9,18.1,85,2.6,25.49365289
1460,18.2,21,17.4,86,3,21.45627632
1461,16,17.7,15,81,2.7,17.22634667
1462,17.3,19.7,15.5,71,3.9,18.50390046
1463,20.4,23.7,17.8,68,4.4,23.06212036
1464,21.7,25.4,19.8,65,3.9,25.38549621
1465,20.9,24.3,18.3,76,1.9,25.94131032
1466,17.3,18.4,16.4,89,2.1,18.82917303
1467,17.1,18.4,16.4,90,4.4,17.37639969
1468,18,19.1,17.1,93,2.1,19.9014706
1469,17.7,20.7,13.3,95,1.5,22.47972032
1470,11.6,13.3,10.4,86,1.6,12.71403541
1471,12.1,15.9,10.1,64,1.4,15.23349625
1472,11.9,15.8,9.6,61,2.2,14.48733329
1473,11.2,15.2,8.6,59,2.5,13.51701757
1474,12.8,16.2,8.9,61,3.1,14.37480229
1475,16.6,22.1,11,69,2.7,22.18981784
1476,19.1,24.6,14.1,66,2.3,25.45977951
1477,19.1,26.6,14.5,71,1,29.24374911
1478,20.2,24.8,17.7,73,2.9,25.76353862
1479,20.7,23.3,19.7,84,4,23.72446445
1480,18.6,20.1,17.8,92,2.4,20.9619721
1481,18.9,20.9,17.7,88,4.4,20.51478672
1482,19.6,21,18.3,85,3.2,21.27666846
1483,17.8,20,16.7,79,3.1,19.76998355
1484,18.8,22.5,16.8,72,4.1,21.94890897
1485,17.1,19.5,15.7,78,4.5,18.18239464
1486,17.2,19.6,15.3,82,4.8,18.29536114
1487,15.8,17.6,13.7,83,4.6,15.94711925
1488,17.4,20.5,13.7,77,4.1,19.65921438
1489,16.2,19.3,14.3,89,1.6,20.30716533
1490,12.4,14.3,11,88,3,13.0849163
1491,13,14.1,11.3,92,3.2,12.83857175
1492,15,17.1,12.5,93,2,17.40269845
1493,12,13.2,10.6,89,2,12.42387135
1494,12.9,14.4,10.8,90,2,13.92296365
1495,10.1,11,8.7,93,1.2,10.39744786
1496,9.2,10.1,8.5,95,1.2,9.368985554
1497,8.2,8.8,7.6,95,1.1,7.885806126
1498,10.5,11.8,8.3,67,2.5,9.798451977
1499,11.7,12.5,10.9,81,3,10.69376572
1500,12.7,14.6,10.7,83,3.5,12.96206374
1501,15.8,18.5,13.2,92,1.4,19.53923487
1502,16.1,17.9,13.4,92,1,19.03092943
1503,12.6,13.5,11.6,83,2.2,12.47373612
1504,14.2,17.9,12.4,55,3,16.21677303
1505,15.8,18.9,12.9,58,3.4,17.27284987
1506,18.1,25.3,12.3,64,0.9,27.14232452
1507,20.9,29.5,14.7,62,0.9,32.49028083
1508,19.4,26.2,17.7,75,1.1,28.91931829
1509,17.6,19.3,15.9,73,5.1,17.31752887
1510,20.6,27.5,17.4,68,1.2,30.09699335
1511,21.3,29.3,16.6,65,0.9,32.46770475
1512,19.1,23.2,17.2,79,1.6,24.86810894
1513,16.8,18.5,15.4,82,2.6,18.33431804
1514,15,16.3,13.8,86,2.8,15.61275617
1515,16.4,18.1,14.2,75,4.2,16.50201972
1516,17.8,20.1,16.4,79,1,21.26182387
1517,15.9,16.8,15.1,91,0.8,17.72626551
1518,17,19.1,14.9,74,3.7,18.02333145
1519,20,26.5,17.3,73,1.5,28.92390513
1520,17.9,19.7,16.5,90,0.7,21.45385974
1521,21,26.2,14.9,79,3.6,27.5655886
1522,22.5,27.4,19.2,73,0.8,30.58784219
1523,22,26.5,18.6,80,0.6,29.99208781
1524,24.1,28.4,20.9,80,0.8,32.4859972
1525,22.1,30.2,16.3,82,2.4,34.16294377
1526,17,18.4,16,83,4.4,17.08081305
1527,19.4,24.2,16.7,79,3,25.27551216
1528,13.8,17.1,11.4,89,1.1,17.8320555
1529,13.6,15.6,11.4,64,2.6,14.09767922
1530,16.2,21.4,11,58,3.2,20.42461148
1531,19.4,25,14.9,51,3.5,24.24646218
1532,20.2,27.1,14.9,56,0.9,28.90297453
1533,20.8,27.7,15.9,65,0.9,30.33623937
1534,22.8,29.1,18,66,1.1,32.14950277
1535,22.2,27,19.3,75,1.2,29.93115157
1536,20.3,27,17.9,80,2.2,29.63656167
1537,19.7,22.2,17.8,81,4.1,22.04668843
1538,22.8,29.6,19.1,75,1.1,33.5681743
1539,24.3,29.9,19.9,71,0.9,33.78146539
1540,19.3,23.6,15.2,86,1.8,25.66997702
1541,15.6,17.6,13.1,68,2,17.0347483
1542,15.1,19.3,12,61,2.7,18.34155152
1543,18.6,27.4,11.5,55,2.3,28.30307288
1544,21.3,26.7,17.3,56,3.2,26.89916116
1545,22.8,27.2,20.1,54,2.9,27.58663701
1546,23,28.4,19.2,60,1.3,30.6184979
1547,21.8,27.5,18.9,72,1.7,30.06475767
1548,23.4,28.4,19.5,69,2.7,30.40262258
1549,25.1,30.7,21.5,57,3.4,32.03544143
1550,23.7,28.1,21.1,61,4,28.54741608
1551,24.1,29,21.1,57,3.7,29.60637344
1552,24.9,30.8,21.2,52,2.8,32.11546327
1553,24.9,31.5,20.4,61,1.2,34.89923101
1554,25,31.4,21.5,67,1.3,35.24806642
1555,25.1,30.4,21.1,67,1.1,33.99861723
1556,25.7,30.1,22.1,67,0.9,33.71801981
1557,19.8,27.6,14.6,73,2.8,29.55821381
1558,15.5,18.2,13.6,66,2.2,17.55026334
1559,19.7,25.4,15.2,53,2.9,25.25928152
1560,22.3,30,16.2,58,1.5,32.43031073
1561,23.7,30.2,18.3,60,1.2,33.06088569
1562,25.8,31.8,21.4,67,1.4,35.73960505
1563,25,29.7,22.9,81,1.1,34.20667086
1564,26.8,33.5,22.6,75,0.8,39.3512159
1565,26.4,30.1,24.5,78,1.2,34.45867978
1566,19.2,25.6,18.1,76,4.5,25.97363612
1567,19.5,21.8,16,60,4.5,20.17269817
1568,17.4,19.3,15.6,76,2.7,19.0115232
1569,20.5,24.7,16.7,65,3.8,24.55108396
1570,24.2,30.3,19.7,62,2.5,32.5213948
1571,25.1,29,21.8,60,3,30.30091941
1572,26.2,32,22.9,62,1.1,35.74011702
1573,27.3,34.1,23.1,63,1.1,38.76388804
1574,27.7,34.3,24.3,64,1.4,38.95965078
1575,23,27.9,19.9,76,2.6,30.3197189
1576,20.9,24.2,19.3,63,4,23.66196539
1577,22.8,27.4,19.4,61,3.5,27.95966265
1578,23.7,27.9,21.1,68,2.8,29.59038007
1579,24.5,27,22.7,64,3.4,27.71924934
1580,26.2,32.3,22.5,68,1.3,36.60057969
1581,26.9,32.2,23.5,68,1.3,36.45976588
1582,27.6,33.1,24.3,67,1.4,37.56784604
1583,28.8,34.8,24.6,66,1.9,39.56993472
1584,22.1,26,20,69,4.6,25.97453031
1585,24.2,27.6,21.7,57,4.3,27.40530394
1586,26.8,32,23.5,61,1.2,35.58035706
1587,27.9,34.4,23.6,64,1.5,39.03701534
1588,28.8,34.6,25.6,67,1.6,39.58604853
1589,25.1,31.9,22.2,73,2.6,35.66453227
1590,23,24.3,21.8,64,3.9,23.91431396
1591,23.4,26.9,21.2,58,4.3,26.57966407
1592,25.8,29.7,22.5,58,2.4,31.44964087
1593,27.4,32.8,22.6,64,1.4,36.8458783
1594,28.1,33,24.3,64,1.7,36.93040824
1595,28.8,35.2,25.5,63,1.2,40.26437735
1596,28.8,33.8,25.4,67,1.1,38.76004098
1597,29.7,35.6,25.6,67,1.5,41.10742356
1598,30.7,36,27.5,67,1.3,41.82561677
1599,30.7,37.4,26.9,63,1.5,43.26962256
1600,29.8,35.3,27.4,66,1.5,40.55451279
1601,30.2,35,27.2,65,1.2,40.202146
1602,29.3,35.2,26.1,64,2,39.85765318
1603,30,35.1,25.8,63,1.3,40.05613504
1604,27.1,33.3,23.5,66,3.3,36.51489127
1605,27.5,34.8,23.5,63,2.3,38.97752859
1606,29.6,34.4,25.4,64,1.4,39.10201534
1607,30.6,36,26.5,62,1.7,40.97377969
1608,31.1,38.2,26.1,60,1.7,43.92730115
1609,30.8,35.8,27.6,64,1.4,41.1148818
1610,30,37.1,27.1,67,1.6,43.26533461
1611,29.6,37.1,26,67,1.6,43.26533461
1612,30.7,37.3,26.5,64,1.4,43.31413171
1613,24.7,27.6,22.2,72,4.3,28.50959445
1614,25.2,28,22.9,67,3.8,28.99874621
1615,27.2,31.8,25.2,72,2.7,35.36308304
1616,28.6,36,25.5,70,2.8,41.20571901
1617,29.8,37.4,25.7,66,1.9,43.3928903
1618,28.3,36.7,25.9,79,1.8,44.01374169
1619,29.4,34.6,25.9,70,4.4,38.09479697
1620,30.1,33.9,27.7,68,4.2,36.99365401
1621,28.8,33.5,26.9,67,3.4,36.83655287
1622,28,32.2,26,74,1.7,36.77477463
1623,25.8,27,23.9,79,1.3,30.15047965
1624,28.1,33.3,22.4,53,2.9,35.44970057
1625,28,31.5,25.5,57,3.9,32.77575685
1626,26.1,30.2,24.4,76,3.9,32.6746552
1627,25,25.9,24.2,81,1.7,28.52783049
1628,26.4,30.5,23.4,71,2.8,33.37891906
1629,28.6,33.2,25.7,70,2.8,37.1038533
1630,28.5,31.8,26.5,73,1.7,36.10677864
1631,29.3,33.7,25.8,66,2.2,37.79778446
1632,30,33.7,26.9,63,1.4,38.00506698
1633,29.4,33.5,26.1,69,1.8,38.08271863
1634,28.5,35.1,25.9,78,1.5,41.6159291
1635,29.2,33.5,26.4,71,2,38.15888438
1636,29.7,34.7,26.4,69,1.3,40.14617659
1637,30.5,36.4,26.9,69,1.6,42.46408583
1638,30.7,37,27.1,64,1.6,42.74063327
1639,31,37.1,26.7,59,1.5,42.32480212
1640,31.2,37.8,26.7,61,1.8,43.40579491
1641,29.3,36.5,26.4,70,1.6,42.7354565
1642,29.2,35.2,26.1,70,1.5,40.86230817
1643,30.4,34.8,26.2,65,1.7,39.58913268
1644,31.7,36.1,28.5,56,2.4,39.94898545
1645,31.4,34.9,27.6,56,3.2,37.75529903
1646,31.9,35.5,29.4,53,2.9,38.43861063
1647,30.2,32.1,27.8,61,2,35.19705941
1648,30.6,38.5,26.9,61,1.8,44.44028782
1649,28.4,34.3,25.9,73,1.4,39.92963292
1650,29.8,35.7,25.5,65,1.5,41.02129452
1651,30.6,36.1,26.7,59,3.4,39.65603824
1652,28.4,33.8,26.6,75,2.7,38.55861303
1653,27.9,30.6,24.9,84,2.8,34.65609341
1654,30,34,26.8,65,2.7,37.79465411
1655,30.9,34.5,28.5,58,3.9,36.96569941
1656,30.7,34.7,28.5,57,4.2,36.93888501
1657,30.2,33.2,28.3,57,4.3,34.81105197
1658,30.1,34.1,26.8,65,4.7,36.63705909
1659,31.1,34.5,28.9,60,4.8,36.59865456
1660,31,35.4,28.5,59,4.3,38.07830439
1661,30.6,34.9,28.2,66,4,38.34945957
1662,29.8,33.7,27.6,66,3.8,36.75778446
1663,28.3,34.7,25.9,79,1.1,41.37808624
1664,29,34.6,25.9,75,1,40.85271104
1665,29.9,32.7,28.1,67,1.2,37.13207875
1666,29.3,34.7,26.6,74,1.2,40.76213141
1667,29.8,36.1,26.6,72,1.1,42.698267
1668,30.8,36.4,27.1,66,1.3,42.29612558
1669,30,35.7,27.7,69,1.5,41.48703572
1670,30.4,36,26.5,66,1.4,41.64224935
1671,31.8,36.2,28.5,61,1.5,41.27292324
1672,32.2,37,29.1,61,1.5,42.43060358
1673,32.5,37.4,28.3,59,1.5,42.7585989
1674,32.1,37,29.1,64,1.8,42.61063327
1675,32.3,37.2,29.2,59,2.2,42.01421024
1676,29.8,36.5,25.6,69,1.8,42.48380713
1677,29.6,35.6,26.3,69,1.5,41.33901829
1678,30.9,36.2,27.6,65,1.7,41.62160673
1679,30.8,35.2,28,63,2.2,39.61437735
1680,30.7,36.6,26.1,63,2.7,41.31485433
1681,30.5,36.1,27.3,62,2.8,40.40309103
1682,30.1,36,27,63,2,40.89714711
1683,30.9,36.5,26.9,63,1.7,41.81891085
1684,30.7,36.2,27.7,66,1.2,42.0662776
1685,29.3,31.2,26.4,74,1.5,35.47478031
1686,30.3,34.5,27.3,69,2.2,39.26945274
1687,28.1,30.3,26.5,80,1.1,34.98009007
1688,29.6,33.4,26.3,70,1.3,38.36662473
1689,30.6,34.2,27.5,64,1.3,38.88247043
1690,29.7,36.7,26.9,71,1.4,43.28986911
1691,28.7,32.3,26.8,76,1.2,37.43658907
1692,28.5,33.9,26.6,76,1.3,39.72190743
1693,28.6,35.1,26.2,74,1.6,41.10031735
1694,29.6,34,26.7,70,1.4,39.1696275
1695,30.4,35.3,27.1,65,2.7,39.66061108
1696,29.9,32.8,28.3,69,3.7,35.8464938
1697,28,30.8,26.3,78,1.4,35.3271949
1698,29,32.7,26.9,73,1.8,37.33348879
1699,28.8,33.2,27.1,74,1.4,38.41933063
1700,28.1,32.4,25.3,74,1.2,37.38809521
1701,27.3,33.1,25.2,80,1.2,39.00829378
1702,27.3,32.2,25,79,1.2,37.57894859
1703,26.3,31.9,24.5,81,1.2,37.32834402
1704,26.9,34.4,24.3,77,1.8,40.25089346
1705,27.1,32.5,24.6,77,1.5,37.62995161
1706,28.2,33.8,24.5,72,1.5,39.02414851
1707,30.1,36.1,25.2,61,2,40.80407343
1708,31,37,26.3,61,1.6,42.36560358
1709,29.8,36,26.5,66,1.8,41.38224935
1710,29.8,35.8,26.8,70,1.3,41.88233947
1711,28.4,34.4,26.1,77,1.3,40.57589346
1712,27,31.3,23.8,82,1.4,36.41056238
1713,24,24.9,22.6,94,2.1,27.73336912
1714,24.9,27,22.8,82,3.4,28.99872571
1715,29.4,33.6,25.3,65,2.5,37.35687526
1716,29.6,34,26.8,67,1.4,38.85164347
1717,30.2,34.5,26.7,60,3.1,37.70365456
1718,29.8,33.7,27.7,65,4.4,36.2635453
1719,28.8,30.7,26.5,73,5.7,31.94884605
1720,29.9,32.4,27.4,66,4.4,34.53273357
1721,31.3,37.8,27.2,62,1.4,43.79634893
1722,30.9,35.6,27.6,62,2.7,39.74843672
1723,30.4,34.8,27.7,59,3.2,37.94932043
1724,29.9,34.6,26.6,61,1.4,39.05855165
1725,29.8,34.8,26.8,67,1.7,39.81073676
1726,29.3,34,26.6,67,1.9,38.52664347
1727,28.8,34.2,27.1,72,2.2,39.15490424
1728,26.6,30.7,24.6,77,2.1,34.6409472
1729,27.5,31,25.3,66,3.2,33.3697283
1730,24.5,25.7,23.3,82,1.4,28.5172347
1731,25.6,30.1,23.7,79,2,34.02373978
1732,25.1,26.4,23.8,81,1.3,29.46931633
1733,23.5,25.8,21.4,74,1.6,27.99338424
1734,24.2,28.5,20.4,62,2.5,30.12453948
1735,26.2,31.2,22.8,54,3.1,32.62348834
1736,24.9,28.7,22.3,55,2.8,29.64420908
1737,24.6,28.1,21.3,61,2.8,29.32741608
1738,22.7,24.5,21,76,1.5,26.46466826
1739,25.6,30.9,20.8,63,1.7,33.94010963
1740,25.5,28.5,23.1,64,3.5,29.62968591
1741,23.8,25.5,21.9,74,2.9,26.75011723
1742,24.2,25.1,23,82,2.2,27.18449633
1743,24.6,26.5,22.9,83,2.5,28.9641661
1744,23.3,25.4,22,82,2.3,27.52513367
1745,21.3,22.2,20.4,85,2.2,23.49520391
1746,19.7,20.9,18.5,86,2.8,21.45617793
1747,21.2,23.8,18.6,84,3.2,24.91077811
1748,23.8,27.9,21.4,80,3.5,30.03438832
1749,24.8,28.2,23.5,77,2.9,30.61311186
1750,24.4,28.6,22,79,1.1,32.49287509
1751,21.3,22.2,20.6,88,1.2,24.30534051
1752,23.2,26.1,20.9,70,3.1,27.14831989
1753,21.5,23.3,20.6,75,3,23.86098611
1754,22.4,23.9,21.2,66,3.2,23.9798246
1755,24,28.3,21.1,66,3.1,29.77781193
1756,24.9,30.2,21.2,69,1.2,33.83081854
1757,23.2,25.2,22.6,81,1.6,27.64562602
1758,23.9,25.9,22.5,73,3.2,27.01981019
1759,25.3,29.5,22.7,71,3.2,31.73491837
1760,25.5,30.5,22,70,1.7,34.00689203
1761,22.7,26.3,18.6,55,3.1,26.38900937
1762,20.6,25.2,17.3,55,2.4,25.46367199
1763,21.5,26.4,16.1,51,2.8,26.43568065
1764,23,26.3,20.5,61,4.9,25.62831948
1765,20.2,22.1,18.6,80,3.5,22.25342648
1766,19.5,20.6,18.8,83,4.1,20.076507
1767,21.4,22.9,19.7,87,4.4,23.10122879
1768,23.8,25.5,21.9,85,1.4,28.4408779
1769,24.5,27.5,23,78,2.1,30.24390414
1770,23.9,25.4,22.2,84,2.7,27.39450279
1771,25.6,30,23,73,3.8,32.20392557
1772,26.5,30.8,23.5,71,1.6,34.57749792
1773,25.6,29.7,22.7,73,1.3,33.41161695
1774,23,24.1,21.8,77,4.1,24.30838917
1775,24.2,28.1,21.9,75,3.9,29.67352797
1776,24.9,29.7,21.2,69,1.2,33.14409
1777,24.1,28.4,22.5,72,1.9,31.15399748
1778,22,23.7,20.5,72,3.7,23.75089214
1779,21.9,24.3,20.4,67,4.2,23.90106305
1780,23.7,28.1,20.9,66,3.9,28.99138461
1781,24.7,28.8,22.4,70,2.3,31.28221248
1782,21.7,22.6,20.7,81,3.3,23.08891585
1783,24.5,30,21.8,75,1.6,33.80307422
1784,21,22.5,20.2,81,2.4,23.5431476
1785,22.6,25,20.8,66,3.9,24.93395105
1786,24.1,29,20.7,69,1.2,32.18955732
1787,19,21.6,17.9,80,2.3,22.38605578
1788,18.3,19.4,16.8,81,3.4,18.90639397
1789,21.9,25.4,19,71,3.7,25.90360355
1790,23.5,27.9,21,59,2.7,28.98112389
1791,21,23.6,19.3,79,1.5,25.45832773
1792,21,22.4,19.8,72,2.8,22.66624062
1793,20,21.1,18.9,74,2,21.63755942
1794,20.9,24,19.4,62,4.2,23.21928487
1795,22.7,27,19.7,57,3.5,27.15667519
1796,23.4,28.4,19.2,62,1.9,30.38274783
1797,24.7,30.5,20.3,60,1.9,33.00662174
1798,23.5,30.4,19,61,1.3,33.34942763
1799,24.1,30.3,19.4,63,1.8,33.06243343
1800,22.2,22.8,21.5,75,4.3,22.36873978
1801,23.8,29.8,21.3,72,2.1,32.94693468
1802,19,21.6,18,77,4,21.12666618
1803,17.9,19.1,17.1,79,4.3,17.85389438
1804,17.9,19,16.7,85,3.5,18.51129271
1805,20.8,22.7,18.8,85,2,24.28491627
1806,20,22.4,17.1,82,2.4,23.46655181
1807,16,17.3,14.9,75,3.8,15.77741507
1808,17,18.6,15.5,80,3.7,17.65965265
1809,17.5,18.7,16.7,85,4.1,17.74021799
1810,19.3,21.7,17.3,78,4.7,20.85170284
1811,20.3,23.3,17.6,75,1.6,24.77098611
1812,16.1,19.9,13.3,64,2.1,19.59789933
1813,17.5,22.8,12.3,55,3.4,21.84660917
1814,20.4,25.8,17.1,55,2.4,26.21492072
1815,20.8,28,15.6,60,1.2,30.16126526
1816,22.1,26.1,18,70,3,27.21331989
1817,23.1,28.1,19.1,72,1.3,31.13614685
1818,20.5,23.2,17.4,82,3.6,23.73823966
1819,17.2,18.7,15.6,86,3.9,17.91324409
1820,21.2,24.8,18.6,84,3.2,26.25514033
1821,20.5,21.5,19.6,84,1.3,23.11158562
1822,17.5,19.6,15.3,82,2.7,19.66036114
1823,15,16,13.4,77,4.5,13.80897652
1824,13.7,15.1,12.7,75,4.5,12.64806678
1825,15.2,16.2,13.9,82,4.5,14.23657029
1826,16.2,17.5,15.3,88,3.1,16.99671339
1827,16.2,17.4,15.7,88,4.2,16.1556394
1828,17,18.2,15.7,88,3.9,17.36268445
1829,18.4,20,17.1,89,3.7,19.84643716
1830,22,28.6,19.2,79,2.5,31.58287509
1831,19.9,22.4,18.8,83,1.3,24.23558293
1832,18,19.3,16.7,87,2.9,19.37283577
1833,20.6,24,17.7,79,3.7,24.55586298
1834,20,21.4,18.1,81,2.9,21.78888844
1835,18.7,20.6,16.8,80,5.2,19.21629591
1836,22.7,28.3,20.5,75,1.7,31.37792265
1837,22.1,27.1,20.4,79,0.9,30.54746407
1838,19.6,21.2,18.1,80,2.4,21.80557636
1839,18.6,20.4,17.9,79,3.4,20.08308925
1840,19.7,22.5,17.4,70,4.6,21.51518928
1841,21,23.1,18.2,76,2,24.30805401
1842,16.6,18.2,15.5,86,3.8,17.34428253
1843,15.7,16.4,14.8,81,2.8,15.55094383
1844,18.2,22,15.3,57,4.5,20.26080988
1845,19.1,23.6,14.9,68,1.1,25.07930741
1846,18.4,23,15.4,76,2.4,23.91826603
1847,15.2,16.2,14.3,84,2.9,15.350072
1848,14.5,15.5,12.6,71,1.9,14.68024676
1849,16.2,18.2,11.9,60,3.4,16.52005758
1850,17.8,21.1,16.2,62,3.7,19.93360384
1851,18.9,23.5,15.4,68,2.8,23.84661908
1852,15.4,17.9,14.1,59,3.1,16.31546561
1853,15.5,17.5,14.3,62,3.1,15.95916171
1854,17.9,23.4,12.6,66,2.9,23.53925909
1855,20,24.3,17.2,65,3.5,24.23489699
1856,20.9,26.9,16.6,63,1,29.07799718
1857,19.9,27.8,15,65,2.7,29.29836221
1858,15,16.7,13.9,73,3.9,14.90243306
1859,20.1,27.1,16.5,68,1.3,29.50096907
1860,21.8,29,16.5,70,1.2,32.26940598
1861,18.2,21.6,16.9,79,3.3,21.68459258
1862,18.5,22.3,16.8,79,1.6,23.69462625
1863,20.8,26.6,16.9,75,1.9,28.93648146
1864,22.1,31.3,17.2,69,2.2,34.706522
1865,16.9,17.9,16.3,76,2.9,17.1411591
1866,16.4,17.4,15,82,2.5,17.02270944
1867,16.8,19.4,15,82,3.5,18.88633711
1868,16.7,18.7,15.6,79,4.1,17.48206143
1869,20.7,26.1,16.7,78,3.7,27.29767073
1870,18.9,20.8,17.9,81,3.1,20.88620644
1871,19.1,20.9,18.2,81,2.8,21.20965596
1872,21.3,28.3,18.6,77,1.6,31.59628059
1873,18,19.8,16.2,80,3.8,19.10774352
1874,16.8,18.9,15,80,4.3,17.64631017
1875,20.3,23.9,17.3,84,1.8,25.95450403
1876,20.7,26.8,16.4,79,1.9,29.4870138
1877,23,29.5,19.5,77,1.3,33.46301006
1878,21.4,25.7,19.6,79,2.8,27.40970172
1879,17.8,19.7,15.4,85,2.6,19.98992309
1880,14.5,15.5,13.7,79,4.1,13.53140133
1881,15.4,15.9,14.5,92,2.9,15.26802586
1882,17.3,19.9,15.8,85,2.4,20.37641317
1883,18.1,20.5,16.8,75,4.5,19.30300102
1884,20.8,25.5,17.3,75,0.8,28.18018638
1885,18.8,20.9,17.5,79,2.8,21.11104717
